date	url	title	company	reason	replacement_url	job_id
2026-05-29	https://jobs.ashbyhq.com/clipboard/77d723fc-1e1c-463b-90c9-ea8aed785a00	WFM - Service Level Coordinator	Clipboard	user reported job not found	none	j_7845e78f76ca
2026-05-29	https://jobs.ashbyhq.com/clipboard/8fd5e127-8f57-4330-ab7c-84c5e539929d	Knowledge Management Specialist (SOPs & Consultations)	Clipboard	user reported no corresponding job information	none	j_f91246ed2791
2026-05-29	https://jobs.lever.co/fiscalnote/f756a016-7029-4978-9c29-c0dae0db0900	Research Analyst Contractor, APAC Healthcare Research (Greater China Focused)	FiscalNote	direct link_check returned HTTP 404 after user reported no job information	none	j_d2d2b2d3ae80
2026-05-29	https://jobs.lever.co/weloglobal/90b3f33c-5692-45d9-bfef-7adb3d887f56	English (United States) > Chinese (Simplified) Lyric Translation Reviewer	Welo Global	direct link_check returned HTTP 404 after user reported no job information	none	j_98604c59c349
2026-05-29	https://jobs.lever.co/binance/d665a417-69ac-4aec-a3f9-b6e9773b6857	Product Manager - AI	Binance	404 not found		j_90117340c25b
2026-05-29	https://boards.greenhouse.io/applovin/jobs/4644208006	Product Designer	AppLovin	page unavailable / transport error		j_445cbc970b1c
2026-05-30	https://jobs.lever.co/yuno/2f375984-6839-4516-a9b1-166b54e60f9e	Tech Support	Yuno	HTTP 404 during direct link check	none	j_5202eecb47c5
2026-05-30	https://jobs.lever.co/endpointclinical/5d25c381-08c3-40e9-b371-e713377e7f98	IRT Project Manager (Japanese Language proficiency reqd)	Endpoint Clinical	HTTP 404 during direct link check	none	j_0680e148434d
2026-05-30	https://jobs.lever.co/welocalize/bbb76a51-a322-41b5-b66d-d7c0d5cb2463	English into Taiwan Traditional Chinese Clinical Documents Linguist	Welocalize	HTTP 404 during direct link check	none	j_5c742409c317
2026-05-30	https://job-boards.greenhouse.io/remotecom/jobs/7696467003	Customer Care Associate - APAC	Remote	direct URL redirects to general jobs page	none	j_625cbab890fb
2026-05-30	https://job-boards.greenhouse.io/globalizationpartners/jobs/7667986003	Business Development Representative	G-P	direct URL redirects to general jobs page	none	j_040a2735a0e7
2026-05-31	https://jobs.smartrecruiters.com/Cielo2/744000107706956-senior-recruiter-life-sciences-	Senior Recruiter [Life Sciences]	Cielo	page shows job has expired	none	j_599b9c74586d
2026-05-31	https://jobs.smartrecruiters.com/Visa/744000120636163-compliance-specialist	Compliance Specialist	Visa	page shows job has expired	none	j_b021b6aab54b
2026-05-31	https://jobs.smartrecruiters.com/canva/6000000000783476-talent-acquisition-coordinator-12-month-	Talent Acquisition Coordinator (12-month)	Canva	page shows job has expired	none	j_aef891e1cb1e
2026-06-01	https://jobs.lever.co/veeva/fb12d5cd-5bb1-4154-ae5d-78a34e54d1e5	Customer Success Manager - Clinical Operation	Veeva Systems	HTTP 404 during direct link check		j_6fceee8d1f4a
2026-06-01	https://jobs.lever.co/xsolla/829d7a33-6292-4667-8bd7-b726b9e578a2	Customer Success Manager (Contractor)	Xsolla	HTTP 404 during direct link check		j_8334cf11df87
2026-06-01	https://jobs.smartrecruiters.com/MattelInc/744000125757762-product-quality-engineer	Product Quality Engineer	Mattel	user reported job details no longer available in link		j_3536bd9e8c43
2026-06-01	https://jobs.smartrecruiters.com/InformaGroupPlc/744000107657015-account-manager-medtec-	Account manager (Medtec)	Informa Group Plc.	user reported job details no longer available in link		j_d8ae0ad84a07
2026-06-02	https://jobs.lever.co/dlocal/a8ede068-ad42-4400-a9c2-dcea09b96436	Monitoring & Support Associate China	dLocal	HTTP 404 during direct link check		j_4706b699d4aa
2026-06-02	https://jobs.lever.co/welocalize/0445deb8-0af9-4c57-b2d1-51104e35b94c	Senior Linguist for Life Sciences - Chinese	Welocalize	HTTP 404 during direct link check		j_003d955168ea
2026-06-02	https://jobs.smartrecruiters.com/Continental/744000103457093-senior-compliance-officer-apac	Senior Compliance Officer APAC	Continental	page shows job has expired		j_9f95240e51ca
2026-06-02	https://jobs.lever.co/dlocal/6f978d31-8bf4-4f33-9b46-9b2427d393d2	Technical Account Manager China	dLocal	HTTP 404 during direct link check		j_aa0c6b8ead75
2026-06-02	https://jobs.smartrecruiters.com/Fastmarkets/744000122250427-customer-success-executive	Customer Success Executive	Fastmarkets	page shows job has expired		j_b4f29f662882
2026-06-02	https://jobs.lever.co/mendix/496f825b-71a3-484f-aeb2-3766248099f8	Demand Development Representative (Shanghai, China)	Mendix	HTTP 404 during direct link check		j_dba219547b77
2026-06-02	https://jobs.lever.co/shopback-2/2abc6f70-0670-4afb-b5b8-953435e5918e	Software Engineer in Test (SET / SDET)	ShopBack	HTTP 404 during direct link check		j_661aa227ede4
2026-06-02	https://jobs.lever.co/xsolla/68586844-814e-48bd-88f2-b9e953c5d406	Lead QA Engineer	Xsolla	HTTP 404 during direct link check		j_5a9e81738f70
2026-06-02	https://startup.jobs/qa-engineer-remote-4741141	QA Engineer	Remote	check failed: page marked no longer available	https://jobs.lever.co/veeva/05acd8f1-fc74-4b07-adf1-f1e1434cabd1	j_e154474c64dc
2026-06-02	https://weworkremotely.com/remote-jobs/secure-privacy-qa-engineer-ai-automation-intelligent-testing	QA Engineer - AI, Automation & Intelligent Testing	Secure Privacy	check failed: 403, could not verify reader usability	https://jobs.smartrecruiters.com/Nagarro1/744000126635351-associate-staff-engineer	j_8f7098ce1b3e
2026-06-02	https://toku.co/careers/senior-qa-engineer	Senior QA Engineer	Toku	reported/check failed: 404	https://www.meteorops.com/job/qa-engineer	j_a85b86f0839b
2026-06-02	https://startup.jobs/senior-software-qa-engineer-automation-testing-fully-remote-covergo-6856668	Senior Software QA Engineer (Automation Testing) - Fully Remote	CoverGo	check failed: 403, could not verify reader usability		j_7c8d6ca533e7
2026-06-02	https://job-boards.greenhouse.io/canonical/jobs/5660661	Open Source Networking Software Engineer - ToR Switch / SmartNIC / DPU	Canonical	check failed: captcha marker, could not use as reader-facing final link		j_acd325eb3153
2026-06-02	https://jobs.smartrecruiters.com/AbbVie/3743990009506326-marketing-manager	Marketing Manager	AbbVie	check failed: page shows job has expired		j_70e37b28b0f7
2026-06-02	https://jobs.smartrecruiters.com/QIMA/744000099118400-marketing-specialist	Marketing Specialist	QIMA	check failed: page shows job has expired		j_995bfd11de2f
2026-06-02	https://jobs.smartrecruiters.com/BoschGroup/744000121105397-marketing-specialist-ma	Marketing Specialist _ MA	Bosch Group	check failed: page shows job has expired		j_ae5e15bfa90c
2026-06-02	https://jobs.smartrecruiters.com/InformaGroupPlc/744000125251049-digital-product-marketing-manager	Digital Product Marketing Manager	Informa Group Plc.	check failed: page shows job has expired		j_bd1e15181328
2026-06-02	https://jobs.smartrecruiters.com/Sandisk/744000099273072-manager-china-regional-research-insights	Manager, China Regional Research & Insights	Sandisk	check failed: page shows job has expired		j_25d4e8d29fa1
2026-06-02	https://jobs.smartrecruiters.com/BoschGroup/744000112865823-head-of-strategic-marketing-executive-assistant-of-em-rp-cn-	Head of Strategic Marketing & Executive assistant of EM/RP-CN	Bosch Group	check failed: page shows job has expired		j_e6bf5bf22477
2026-06-02	https://jobs.smartrecruiters.com/Visa/744000101943093-marketing-manager	Marketing Manager	Visa	check failed: page shows job has expired		j_aca0c6759fba
2026-06-02	https://jobs.smartrecruiters.com/BoschGroup/744000123395124--em	高级战略与市场情报专员_EM	Bosch Group	user reported: Sorry, this job has expired	https://job-boards.greenhouse.io/jetbrains/jobs/4790191101	j_3b6102714c89
2026-06-02	https://job-boards.greenhouse.io/meshy/jobs/4987189008	PR & Brand Communications Manager	Meshy	HTTP 404 during direct link check		j_a3feee939899
2026-06-02	https://jobs.lever.co/coupa/26016e0b-345f-4252-96a8-c62aa5ae1ef0	Product Communications Manager - 11360	Coupa	HTTP 404 during direct link check		j_5d6680e1acb2
2026-06-02	https://jobs.smartrecruiters.com/HMGroup/744000103830165-arket-pr-lead	ARKET PR Lead	H&M Group	link_check_possible_expired_marker		j_fc75dff7e0cf
2026-06-02	https://jobs.smartrecruiters.com/SyngentaGroup/744000113800237-customer-experience-specialist	Customer Experience Specialist	Syngenta Group	link_check_possible_expired_marker		j_e574ff77441f
2026-06-02	https://jobs.lever.co/hypebeast/14f555ff-78bc-4fd6-bbf4-6643172cf555	Media Partnerships Manager	Hypebeast	http_404		j_3847567adc86
2026-06-02	https://job-boards.greenhouse.io/thetradedesk/jobs/5091529007	APAC Campaign Operations & North Asia Marketing Manager	The Trade Desk	manual_open_missing_job_description		j_9fae8329c118
2026-06-02	https://careers.churchdwight.com/jobs/job/r2026-15027-brand-manager	Brand Manager	Church & Dwight	link_check_possible_bad_page_marker_log_in		j_41738d2e00ef
2026-06-02	https://www.ferrerocareers.com/int/en/jobs/senior-brand-manager-kinder	Senior Brand Manager_ Kinder	Ferrero	link_check_http_404		j_2b48d81c57a3
2026-06-02	https://startup.jobs/retail-marketing-manager-china-brooks-running-7615962	Retail Marketing Manager, China	Brooks Running	link_check_http_403		j_e50d839345ad
2026-06-02	https://www.designhotels.com/about/careers/director-brand-portfolio-greater-china	Director, Brand Portfolio - Greater China	Design Hotels	link_check_http_403_use_marriott_official_page	https://careers.marriott.com/zh-cn/director-brand-portfolio-greater-china-design-hotels/job/7915FD629684CA0E2A389344D66EFC58	j_0307db3223b0
2026-06-02	https://job-boards.greenhouse.io/aninebing/jobs/5038032008	Marketing Manager, China	ANINE BING	official_greenhouse_redirects_to_job_board_without_selected_china_role		j_4e7304d6ceee
2026-06-03	https://job-boards.greenhouse.io/scopely/jobs/5076084008	Senior Recruiter (One-year Contractor)	Scopely	direct URL redirects to general jobs page without selected role		j_05dfec57e6f2
2026-06-03	https://jobs.smartrecruiters.com/SegulaTechnologies/744000112697437-supplier-development-sourcing-assistant-manager-china-	Supplier Development & Sourcing – Assistant Manager (China)	Segula Technologies	user reported this job has expired		j_e1fef133630a
2026-06-03	https://jobs.lever.co/hypebeast/dfb19121-9f63-4fd4-9808-17f5b94bdf60	Senior Account Manager	Hypebeast	http_404		j_056307dfddae
2026-06-03	https://jobs.smartrecruiters.com/BoschGroup/744000112042317-product-manager-for-battery-ma	Product Manager for Battery _ MA	Bosch Group	link_check_possible_expired_marker		j_2a6a4396b9b2
2026-06-03	https://jobs.smartrecruiters.com/BoschGroup/744000096763025--logistics-digital-analytics-specialist-coordinator-pt	物流数字化分析师/Logistics Digital Analytics Specialist & Coordinator_PT	Bosch Group	link_check_possible_expired_marker		j_eaf5a5925f22
2026-06-04	https://jobs.smartrecruiters.com/TeamworkCorporate/744000082436899-business-development-manager-m-f-	Business Development Manager (M/F)	Teamwork Corporate	link_check_possible_expired_marker		j_db421d0a8615
2026-06-05	https://jobs.smartrecruiters.com/LVMH2/744000120855446-business-analyst-tr-apac-	Business Analyst, TR APAC	Guerlain	page shows job expired during 2026-06-05 recheck		j_196af4435764
2026-06-05	https://jobs.smartrecruiters.com/NielsenIQ/744000103198035-analyst-customer-success	Analyst, Customer Success	NielsenIQ	page shows job expired during 2026-06-05 recheck		j_98f917ed9d3d
2026-06-05	https://jobs.aumovio.com/es/detail-page/job-detail/REF83009L-p-02ebd7df2250c653d947d840d91ec5fb/scm-performance-value-chain-manager-apac	SCM Performance Value Chain Manager APAC	AUMOVIO	direct detail link unstable during 2026-06-05 recheck		j_182be7f69d65
2026-06-05	https://jobs.smartrecruiters.com/AristaNetworks/744000111451061-logistics-coordinator-apac-service-operations-	Logistics Coordinator (APAC Service Operations)	Arista Networks	user reported link expired/unavailable on 2026-06-05		j_87b51a22ff50
2026-06-05	https://jobs.smartrecruiters.com/AbercrombieAndFitchCo/744000106762238-assistant-manager-tmall-jd	Assistant Manager, Tmall & JD	Abercrombie and Fitch Co.	link_check_possible_expired_marker		j_af7eb0a0ce8c
2026-06-05	https://job-boards.greenhouse.io/casetify/jobs/5783745004	Senior Growth Marketing Associate - Shenzhen	CASETiFY	link_check_redirected_to_jobs_landing		j_9cf94660c379
2026-06-05	https://careers.dyson.com/en-gb/job-description/media-campaign-content-manager/JR34948	Media Campaign & Content Manager	Dyson	link_check_http_404		j_ce7f80ad6518
2026-06-05	https://careers.kraftheinz.com/job/22519932/cmi-assistant-manager-shanghai-cn	CMI Assistant Manager	Kraft Heinz	link_check_redirected_to_careers_home		j_b189a1c83561
2026-06-05	https://careers.kraftheinz.com/job/22913005/content-hub-manager-shanghai-cn	Content Hub Manager	Kraft Heinz	link_check_redirected_to_careers_home		j_fe2bb507b204
2026-06-05	https://careers.kraftheinz.com/job/22071754/marketing-excellence-strategy-manager-shanghai-cn	Marketing Excellence & Strategy Manager	Kraft Heinz	link_check_redirected_to_careers_home		j_be1e532c5fa4
2026-06-05	https://job-boards.greenhouse.io/casetify/jobs/5832860004	Assistant Marketing Manager/ Senior Marketing Associate	CASETiFY	redirected_to_greenhouse_error_page		j_c6355316f110
2026-06-05	https://job-boards.greenhouse.io/casetify/jobs/5839050004	Senior Marketing Associate (Co-Lab)	CASETiFY	redirected_to_greenhouse_error_page		j_a3581c7208ab
2026-06-05	https://job-boards.greenhouse.io/casetify/jobs/5819621004	(Senior) Influencer Marketing Manager	CASETiFY	redirected_to_greenhouse_error_page		j_5c48bfa716e3
2026-06-05	https://job-boards.greenhouse.io/casetify/jobs/5791406004	Integrated Marketing Manager, Travel	CASETiFY	redirected_to_greenhouse_error_page		j_84e8f7e71d3e
2026-06-05	https://job-boards.greenhouse.io/fender/jobs/7076380?gh_jid=7076380	Assistant Social Media Manager	Fender	redirected_to_company_careers_home		j_a52ec98cffb8
2026-06-05	https://job-boards.greenhouse.io/authenticbrandsgroup/jobs/5799923004	Coordinator, PR & Corporate Communications	Authentic Brands Group	redirected_to_greenhouse_error_page		j_76f239f29f19
2026-06-05	https://careers.nike.com/specialist-ii-city-marketing-sportswear-shanghai-gsh-gby-gc/job/R-79831	Specialist II, City Marketing, Sportswear, Shanghai, GSH & GBY GC	Nike	link_check_http_404		j_44f2dd3e34df
2026-06-05	https://careers.nike.com/lead-digital-marketing-gc-converse/job/R-80853	Lead, Digital Marketing GC - Converse	Converse	link_check_http_404		j_6d3bebece007
2026-06-05	https://jobs.lever.co/brooksrunning/af2416ce-ce62-4adc-a737-c0e084be293c	Assistant Merchandising Manager, APLA	Brooks Running	link_check_http_404		j_726827a7f101
2026-06-05	https://jobs.lever.co/elfbeauty/c999e8a0-524a-4b8c-a978-7a4be968a3fa	Associate Manager, Beauty Tools Development	e.l.f. Beauty	link_check_http_404		j_b8e9642e6a35
2026-06-05	https://careers.coca-colacompany.com/job/22443275/manager-brand-management-cctm-uplift-shanghai-cn	Manager, Brand Management, CCTM Uplift	Coca-Cola	link_check_http_404		j_81a6b42087f8
2026-06-05	https://careers.coca-colacompany.com/job/23115788/senior-manager-brand-management-fanta-schweppes-shanghai-cn	Senior Manager, Brand Management, Fanta & Schweppes	Coca-Cola	link_check_http_404		j_d78fdebd66b4
2026-06-05	https://careers.coca-colacompany.com/job/23274536/manager-marketing-capability-and-internal-communications-shanghai-cn	Manager, Marketing Capability and Internal Communications	Coca-Cola	link_check_http_404		j_c8338d311b29
2026-06-05	https://careers.coca-colacompany.com/job/23265398/manager-imx-customer-marketing-immediate-consumption-shanghai-cn	Manager, IMX - Customer Marketing, Immediate Consumption	Coca-Cola	link_check_possible_captcha_marker		j_80dc22d67db0
2026-06-05	https://jobs.smartrecruiters.com/Fastmarkets/744000100093451-pricing-operations-specialist-ftc-12-months-	Pricing Operations Specialist (FTC - 12 months)	Fastmarkets	job has expired		j_22ed909a335f
2026-06-05	https://jobs.smartrecruiters.com/Aumovio/744000100564777-project-manager-china-digital-operations	Project Manager - China Digital Operations	Aumovio	job has expired		j_c48309cf9c0a
2026-06-05	https://jobs.smartrecruiters.com/InterIKEAGroup/744000091761225-customs-operations-specialist	Customs Operations Specialist	Inter IKEA Group	job has expired		j_f46e3d56872a
2026-06-05	https://jobs.lever.co/veeva/fb12d5cd-5bb1-4154-ae5d-78a34e54d1e5	Customer Success Manager - Clinical Operation	Veeva Systems	404		j_6fceee8d1f4a
2026-06-05	https://jobs.smartrecruiters.com/ApprovalMaxLimited/744000105070645-customer-success-manager-apac-	Customer Success Manager (APAC)	ApprovalMax Limited	http 400		j_5ff16c0031f2
2026-06-05	https://jobs.smartrecruiters.com/UmdaschGroup/744000099468724-supplier-quality-manager-china	Supplier Quality Manager | China	Umdasch Group	job has expired		j_2c8459dd281a
2026-06-06	https://jobs.lever.co/popsockets/c6ca250f-b7e8-4a58-aa94-d69be589382c	Project Coordinator	PopSockets	HTTP 404 during direct link check		j_88766f751913
2026-06-06	https://job-boards.greenhouse.io/flexport/jobs/6983084	Product Data Analyst	Flexport	redirected to careers list / no usable application path during direct check		j_3a51db17f694
2026-06-06	https://job-boards.greenhouse.io/flexport/jobs/7436324	Operations Associate	Flexport	redirected to careers list / no usable application path during direct check		j_7b9fe3b4f4c4
2026-06-06	https://jobs.smartrecruiters.com/RenesasElectronics/744000117606947-supply-chain-managment-specialist-scm-	Supply Chain Management Specialist（SCM）	Renesas Electronics	page shows job has expired during finalist review		j_46484130f684
2026-06-06	https://apply.workable.com/hospitable/j/21353CF73D	Customer Support Advocate (APAC - Remote)	Hospitable	direct page redirects to not found during finalist review		j_70ae773d724e
2026-06-06	https://job-boards.greenhouse.io/ideo/jobs/7540797	Office & Operations Coordinator (Contractor)	IDEO	direct page redirects to careers list during finalist review		j_45089dd3cb64
2026-06-06	https://careers.marriott.com/marketing-communications-manager-%E5%B8%82%E5%9C%BA%E4%BC%A0%E8%AE%AF%E7%BB%8F%E7%90%86/job/CAEE56CE9118969322B38D6EB6E51FC4	Marketing & Communications Manager 市场传讯经理	Marriott International	link_check_http_404		j_dfc6e682db92
2026-06-06	https://careers.marriott.com/dir-marketing-communications/job/56C2FD02F72A709809E68FF1BE3CA2AC	Dir-Marketing Communications	Marriott International	link_check_http_404		j_ca7a3575117d
2026-06-06	https://careers.marriott.com/executive-communications/job/4DC6EDDCC25A3D15D676CCFDEEABCFA2	Executive, Communications	Marriott International	link_check_http_404		j_73d451627767
2026-06-06	https://jobs.smartrecruiters.com/HMGroup/744000106437850-head-of-merchandising-china	Head of Merchandising, China	H&M Group	link_check_possible_expired_marker		j_6641bcabdab8
2026-06-07	https://job-boards.greenhouse.io/meshy/jobs/4966566008	Customer Support Specialist	Meshy	link_check_http_404		j_ff01627483d4
2026-06-07	https://www.oocllogistics.com/eng/careers/china/Pages/Customer-Service-Coordinator.aspx	Customer Service Coordinator	OOCL Logistics	link_check_possible_sign_in_marker		j_b0902bc2d5d0
2026-06-07	https://jobs.smartrecruiters.com/MomentusTechnologies/744000109291820-technical-support-specialist	Technical Support Specialist	Momentus Technologies	link_check_http_400		j_347f3ac696aa
2026-06-07	https://www.3ds.com/careers/jobs/Marketing-Specialist-Greater-China-547704	Marketing Specialist, Greater China	Medidata / Dassault Systèmes	redirected_to_generic_jobs_page		j_50eeb6d8fd13
2026-06-07	https://jobs.smartrecruiters.com/SyngentaGroup/744000096786615-legal-operations-billing-specialist	Legal Operations Billing Specialist	Syngenta Group	link_check_possible_expired_marker		j_3f79b44c1267
2026-06-07	https://careersatagoda.com/job/4835743-marketing-specialist-china-marketing-china-based	Marketing Specialist, China Marketing ( China based )	Agoda	redirected_to_closed_jobs		j_827aa5878c45
2026-06-10	https://job-boards.greenhouse.io/precisionmedicinegroup/jobs/5832084004	Senior Clinical Data Manager	Precision Medicine Group	link_check_possible_captcha_marker		j_cc7d1d9b223e
2026-06-15	https://job-boards.greenhouse.io/remotecom/jobs/7728848003	Benefits Operations Specialist - APAC	Remote	captcha risk in public job page check		j_3ff6a7c8c638
2026-06-16	https://www.mongodb.com/careers/job?gh_jid=7380221	Sales Development Representative	MongoDB	link_check_failed_company_tokens_not_found		j_73111dca378a
2026-06-20	https://jobs.smartrecruiters.com/Wabtec/3743990013486536	Supply Chain Specialist	Wabtec	link_check_possible_bad_page_marker_sign_in		j_a1f34525ed81
2026-06-22	https://job-boards.greenhouse.io/canonical/jobs/7561124	Silicon Alliances Ecosystem Development Manager - Shanghai or Beijing	Canonical	link_check_possible_bad_page_marker_captcha		j_7d642143de26
2026-06-23	https://job-boards.greenhouse.io/remotecom/jobs/7778888003	Engineering Team Leader	Remote	link_check captcha marker on finalist verification		j_6f893425061b
2026-06-23	https://job-boards.greenhouse.io/canonical/jobs/6874537	Graduate HR Generalist	Canonical	redirected to canonical board error page instead of specific job detail		j_185feb75e877
2026-06-24	https://job-boards.greenhouse.io/canonical/jobs/7548330	Customer Success - Team Manager	Canonical	link_check captcha marker on finalist verification		j_74e5b8f64aa4
2026-06-26	https://job-boards.greenhouse.io/canonical/jobs/6103331	Graduate Customer Success Manager	Canonical	link_check ok_basic false: captcha marker		j_86859a7b123f
2026-06-26	https://job-boards.greenhouse.io/remotecom/jobs/7768137003	Manager, Mobility - APAC	Remote	link_check ok_basic false: captcha marker		j_c79f95e907d8
2026-06-27	https://jobs.smartrecruiters.com/Aumovio/744000134167099	AI Engineer Intern (AI Agent Development & Database)	Aumovio	link_check_login_marker		j_3441f961c4db
2026-07-01	https://jobs.ashbyhq.com/ashby/033ce772-ed08-4a59-bb52-4ff0eaac9bcd	Product Support Specialist - APAC	Ashby	link_check captcha marker on finalist verification		j_0d8d147a0077
2026-07-01	https://jobs.ashbyhq.com/ashby/cf34cf62-5348-4bd5-bd8c-22a77467162d	Product Support Engineer - APAC	Ashby	link_check captcha marker on finalist verification		j_ee5d26b1565b
2026-07-01	https://jobs.ashbyhq.com/drata/cd344653-5f55-4bdc-ba1a-921f026ad162	Associate Technical Support Engineer - AUS	Drata	link_check captcha marker on finalist verification		j_1e63a7e62643
2026-07-01	https://jobs.ashbyhq.com/primer.io/767e0eeb-ffac-457e-9017-994253a0f372	Account Executive - APAC	Primer.io	link_check captcha marker on finalist verification		j_48480d4c7b0f
2026-07-01	https://job-boards.greenhouse.io/canonical/jobs/7569126	Dedicated Linux Desktop & Devices Support Engineer, Singapore	Canonical	link_check captcha marker on finalist verification		j_b9843d6bf707
2026-07-01	https://job-boards.greenhouse.io/canonical/jobs/5143011	Developer Relations Engineer	Canonical	link_check captcha marker on finalist verification		j_6909786ee1eb
2026-07-01	https://job-boards.greenhouse.io/canonical/jobs/3798310	Technical Author (multiple roles and seniority levels)	Canonical	link_check captcha marker on finalist verification		j_3e6fe65ddbc0
2026-07-02	https://jobs.workable.com/view/efrNVkVSMo5VoJ6J7s7baH/customer-success---singapore-clients---remote-in-philippines-at-sleek	Customer Success - Singapore Clients - Remote	Sleek	link_check HTTP 410 on finalist verification		j_21726214a811
2026-07-02	https://jobs.ashbyhq.com/zapier/199b18f2-76fd-412c-8569-1d892c7d89e8	Support Engineer, IT Systems	Zapier	link_check captcha marker on finalist verification		j_d49f1b3e727f
2026-07-02	https://jobs.workable.com/view/vWduDbJoa5i1kTqRgKvkp7/remote-l1-pre-sales-support-%28plg%29-in-india-at-wati.io	L1 Pre-Sales Support (PLG)	WATI.io	final page indicates hybrid role, not all-remote		j_fe175e3ba63e
2026-07-02	https://job-boards.greenhouse.io/canonical/jobs/5798264	Business Services Team Manager	Canonical	link_check captcha marker on finalist verification		j_6b6811e157d2
2026-07-02	https://job-boards.greenhouse.io/canonical/jobs/3256589	Enterprise Project Manager	Canonical	link_check captcha marker on finalist verification		j_76c3b4937bdb
2026-07-02	https://remotive.com/remote-jobs/product/senior-product-manager-2090984	Senior Product Manager	Lemon.io	link_check HTTP 403 on finalist verification		j_6fa49c51b002
2026-07-02	https://remotive.com/remote-jobs/software-development/frontend-developer-2090991	Frontend Developer	Quinncia Inc	link_check HTTP 403 on finalist verification		j_dfe7e51fcdcc
2026-07-02	https://remotive.com/remote-jobs/writing/copywriter-1749306	Copywriter	Coalition Technologies	link_check HTTP 403 on finalist verification		j_50db18bc4b69
2026-07-02	https://remotive.com/remote-jobs/marketing/office-assistant-1680495	Office Assistant	Coalition Technologies	link_check HTTP 403 on finalist verification		j_66d3ce1b8b8b
2026-07-02	https://job-boards.greenhouse.io/globalizationpartners/jobs/7742755003	Sr HR Associate - 9 month fixed term	G-P	final URL redirected to jobs list instead of specific role		j_e2b490cf714b
2026-07-03	https://jobs.ashbyhq.com/ashby/893cd08a-929c-4077-b39c-64bc34f347ea	Customer Success Manager, APAC	Ashby	link_check captcha marker on finalist verification		j_749f35c6a6f0
2026-07-03	https://jobs.workable.com/view/8quwx4CqcjXprFzkJFqAtB/remote-success-manager-%283997%29-in-shanghai-at-gbg	Success Manager (3997)	GBG	HTTP 410 on finalist verification		j_98a847b52962
2026-07-03	https://jobs.workable.com/view/rB23Uguo6XgJrtfvxx8oVK/remote-business-development-manager---china-in-beijing-at-cequens	Business Development Manager - China	CEQUENS	HTTP 410 on finalist verification		j_1d9b7a3944c8
2026-07-03	https://job-boards.greenhouse.io/globalizationpartners/jobs/7732874003	Sr Partner Manager	G-P	final URL redirected to jobs list instead of specific role		j_2ccebf7a18d5
2026-07-04	https://jobs.ashbyhq.com/heron-power/53719004-402e-452a-9c79-524713b7972b	China (preferably based in Shanghai or Shenzhen)	Heron Power	link_check did not show selected title/company on specific job page		j_34058b9bcef7
2026-07-04	https://jobs.workable.com/view/nmW4LRyPrgE2TLP9Tj8fev/chinese-all-dialects-to-english-remote-telephone-video-interpreter-required-in-china-at-recruitment-empire	Chinese All Dialects to English Remote Telephone Video Interpreter Required	Recruitment Empire	HTTP 410 on finalist verification		j_1d6d9314f305
2026-07-04	https://job-boards.greenhouse.io/precisionmedicinegroup/jobs/5903353004	Start Up Lead APAC	Precision Medicine Group	duplicate and link_check captcha marker on finalist verification		j_7b0aaf13e184
2026-07-04	https://job-boards.greenhouse.io/pfm/jobs/6103596004	Contracts Manager APAC	Precision for Medicine	link_check captcha marker on finalist verification		j_d90a21357d30
2026-07-04	https://jobs.lever.co/xsolla	Product Owner – Corporate website (xsolla.com)	Xsolla	company jobs list URL, not a specific job detail page		j_c906ae5e5a8d
2026-07-05	https://jobs.workable.com/view/vrXPdUuLgFs9yY3djCazN5/remote-content-moderator-%28chinese-speaker%29-in-china-at-staff4me	Content Moderator (Chinese Speaker)	Staff4Me	HTTP 410 on finalist verification		j_6aa8c5ffb90d
2026-07-05	https://jobs.ashbyhq.com/heron-power/53719004-402e-452a-9c79-524713b7972b/application	Supplier Industrialization Engineer - China	Heron Power	link_check did not show selected title/company on specific job page		j_9175f7388c2b
2026-07-05	https://jobs.ashbyhq.com/lilt-production/0618cc34-164c-4d0d-9b47-7ba1d4bc2ae3	Linguist - Traditional Chinese (Taiwan) - UI Technical/Localization - Remote	LILT (Production)	link_check captcha marker on finalist verification		j_64de919f51c0
2026-07-05	https://jobs.ashbyhq.com/lilt-production/68267d7e-e53c-4fbf-a87b-a523cb32e422	Subject Matter Expert – Manufacturing & Industrial Operations (English/Mandarin) – Remote	LILT (Production)	link_check captcha marker on finalist verification		j_85839672ebd8
2026-07-05	https://job-boards.greenhouse.io/iherb/jobs/7733932003	Growth Marketing Specialist- APAC	iHerb	link_check captcha marker on finalist verification		j_c59678527e20
2026-07-05	https://jobs.flashpointvc.com/companies/ideals-2/jobs/80236552-senior-talent-acquisition-specialist-china-remote	Senior GTM Talent Acquisition Specialist	Ideals	page indicated job is no longer accepting applications		j_f5916d750158
2026-07-05	https://jobs.lever.co/applike	Senior Supply Growth Manager - SEA + Greater China Region (f/m/d)	applike group	company jobs list URL, not a specific job detail page		j_4fb8ccb10cd5
2026-07-06	https://jobs.workable.com/view/s7nDKHD3mqbgnFsGwaE2UY/remote-talent-pool---legal-intern-in-china-at-slasify	Talent Pool - Legal Intern	Slasify	HTTP 410 during finalist verification		j_9480dec2260f
2026-07-06	https://jobs.workable.com/view/eZrwJyXiJ5QM4r7ifYprrp/remote-customer-success-manager-china-in-china-at-ansvery	Customer Success Manager China	Ansvery	HTTP 404 during finalist replacement check		j_d83b6e02cf12
2026-07-06	https://jobs.workable.com/view/jM9G77tVKsazV4MvawQxBE/remote-customer-support-agent-in-china-at-supportyourapp	Customer Support Agent	SupportYourApp	HTTP 404 during finalist replacement check		j_90de7f8638ba
2026-07-06	https://jobs.workable.com/view/8Jz9fWsyUcDhUeVvHkvRX2/remote-customer-success-manager-in-china-at-ansvery	Customer Success Manager	Ansvery	HTTP 404 during finalist replacement check		j_2e1d74261dce
2026-07-06	https://jobs.workable.com/view/7orWvWLwqRu7G6yxW9eusW/remote-sales-manager---global-sales-expansion-in-china-at-critical-manufacturing	Sales Manager - Global Sales Expansion	Critical Manufacturing	final URL resolved to Germany location rather than China-specific page during finalist review		j_670d658b2f74
2026-07-07	https://jobs.workable.com/view/hESHrJ8vD3AQyTnEWbWiy8/remote-service-manager-%28china%29-in-china-at-ratehawk	Service Manager (China)	RateHawk	HTTP 404 during candidate check		j_b2b4a3f0bdf9
2026-07-07	https://jobs.workable.com/view/wJ72jiSHSRbGtUtzYBWnPW/remote-devops-engineer%2C-e-commerce-%28bilingual-in-chinese-%26-english%29-in-china-at-makro-pro	DevOps Engineer, E-commerce (Bilingual in Chinese & English)	Makro PRO	HTTP 404 during candidate check		j_5b2b248850a3
2026-07-07	https://jobs.workable.com/view/7ta9cf61m2SxG5DmmzJPSF/remote-human-resources-manager-in-china-at-wati.io	Human Resources Manager	WATI.io	HTTP 404 during candidate check		j_23e72d4eebf4
2026-07-07	https://jobs.workable.com/view/4VbLt2H9U45tJ8VPB5Pz4P/remote-immigration-consultant-in-china-at-law-offices-of-brian-d-lerner-apc	Immigration Consultant	Law Offices of Brian D. Lerner, APC	HTTP 404 during candidate check		j_4de733adf68b
2026-07-07	https://jobs.workable.com/view/aEwf6rL7tHFMChF8VGBJRm/remote-acquisition-editor---china-in-beijing-at-jove	Acquisition Editor - China	JoVE	closed_or_unavailable		j_f7a251b49963
2026-07-07	https://jobs.workable.com/view/aV8cS3XXAon2dEtPdmBiUb/remote-language-recruiter-in-china-at-volga-partners	Language Recruiter	Volga Partners	closed_or_unavailable		j_8c130ed524ba
2026-07-07	https://jobs.workable.com/view/rVenW58UF4kxBX8UjPXMii/remote-network-recruiter-%28contract%29-%7C-mandarin-speaking-in-philippines-at-intellect	Network Recruiter (Contract) | Mandarin-speaking	Intellect	closed_or_unavailable		j_7e4f4ae32b0e
2026-07-08	https://job-boards.greenhouse.io/precisionmedicinegroup/jobs/6102668004	Senior Clinical Project Manager	Precision Medicine Group	link_check bad-page marker on finalist verification		j_aaeecd14d8d7
2026-07-08	https://jobs.workable.com/view/oKsjq3r9ozn9opPNHfi5rQ/remote-languagecert-quality-auditor---china-in-china-at-peoplecert	LanguageCert Quality Auditor - China	PEOPLECERT	closed_or_unavailable		j_46757cfc2625
2026-07-09	https://job-boards.greenhouse.io/remotecom/jobs/7778632003	Lifecycle Specialist, Employee Relations and Transitions - APAC	Remote	link_check bad-page marker on candidate verification		j_2ec0ecf864b8
2026-07-09	https://jobs.smartrecruiters.com/NielsenIQ/744000135404374-hr-project-coordinator	HR Project Coordinator	NielsenIQ	link_check bad-page marker on candidate verification		j_fccd8172ebdd
2026-07-09	https://jobs.lever.co/emma-sleep	Junior Operations Manager – Hong Kong	Emma – The Sleep Company	not a specific job page		j_fb57ce30d995
2026-07-09	https://job-boards.greenhouse.io/adjustjobs/jobs/4623238006	(Associate) Customer Success Manager	Adjust	final URL returned job-board listing instead of specific job page		j_c2d6baa9aa3c
2026-07-09	https://job-boards.greenhouse.io/eclipsetrading/jobs/8509541002	Business Operations Associate	Eclipse Trading	final URL returned job-board listing instead of specific job page		j_2f115c9529fa
2026-07-11	https://apply.workable.com/keywords-intl1/j/8B398BE33F	Community Game Tester (Paid, On-Call)	Keywords Studios	职位页面已下线并跳转到职位列表		j_76bed9282df7
2026-07-11	https://jobs.smartrecruiters.com/WildBrain/3743990009219915-licensing-executive	Licensing Executive	WildBrain	职位页面标记为已过期		j_6c0be8c82bce
2026-07-11	https://jobs.smartrecruiters.com/Nagarro1/744000126643729-associate-staff-engineer-automation-qa-	Associate Staff Engineer(Automation QA)	Nagarro	职位页面标记为已过期		j_4362a26e92b0
2026-07-11	https://job-boards.eu.greenhouse.io/remotepeople/jobs/4825932101	BI Engineer (CN)	Remote People	职位链接当前无法打开岗位详情并跳转错误页		j_b169534bbf01
2026-07-13	https://jobs.smartrecruiters.com/Nagarro1/744000125652253-senior-staff-engineer-java-lead-	Senior Staff Engineer(JAVA Lead)	Nagarro	职位页面已过期		j_2bfb4f2b3074
2026-07-13	https://jobs.smartrecruiters.com/Nagarro1/744000127793959-associate-staff-engineer-ai-	Associate Staff Engineer(AI)	Nagarro	职位页面已过期		j_8977f507e397
2026-07-13	https://job-boards.eu.greenhouse.io/remotepeople/jobs/4866446101	Legal Advisor - Commercial (China)	Remote People	岗位链接跳转职位列表，无法打开详情		j_bfca70e482c8
2026-07-13	https://job-boards.eu.greenhouse.io/rtbhouse/jobs/4803848101	Personnel & Payroll Operations Specialist	RTB House	岗位链接跳转职位列表，无法打开详情		j_99865832952c
2026-07-13	https://job-boards.eu.greenhouse.io/horizons/jobs/4669741101	Sales Account Executive	Horizons	职位链接返回 404		j_442cade0f96d
2026-07-14	https://1nce.jobs.personio.com/job/1842888?language=en	Sr. Account Executive - China (all)	1NCE	岗位页面出现订阅/非正常岗位页面标记，未通过读者直达检查		j_55ceae59beb4
2026-07-14	https://jobs.lever.co/thepieexecsearch/26085899-51b8-4d46-a1ee-3fe49a761306	Business Development Manager, China	The PIE Executive Search / Leverage Edu	岗位链接返回 404		j_cea8362e9a27
2026-07-14	https://jobs.lever.co/yuno/03a62d93-854e-46ac-9437-e9db134f0e86/apply	VP, Head of Sales - China	Yuno	岗位链接返回 404		j_1b3f379ddd31
2026-07-14	https://jobs.lever.co/getwingapp/7ea79e97-b88f-49ac-b698-788040b80d8a	Product Manager - Onboarding	Wing Assistant	岗位链接返回 404		j_376738381aea
2026-07-14	https://job-boards.greenhouse.io/precisionmedicinegroup/jobs/6102668004	Senior Clinical Project Manager	Precision Medicine Group	岗位页面出现验证码提示，未通过读者直达检查		j_aaeecd14d8d7
2026-07-14	https://job-boards.greenhouse.io/runpod/jobs/5173070008	Forward Deployed Engineer APAC	Runpod, Inc.	岗位链接返回 HTTP 500，无法稳定打开详情		j_3ddb90b74cfa
2026-07-14	https://job-boards.greenhouse.io/myshell/jobs/5013962008	Data Scientist	MyShell	岗位链接返回 404		j_7f428c0c54ee
2026-07-15	https://job-boards.greenhouse.io/10xgenomics/jobs/7597471	Channel Sales Account Executive	10x Genomics	链接无法稳定打开，未通过直达检查		j_e55ceef12b75
2026-07-15	https://job-boards.greenhouse.io/remotecom/jobs/6529613003	Engineering Team Leader	Remote	岗位链接跳转职位列表错误页，无法打开详情		j_f18cea22bbfc
2026-07-15	https://jobs.lever.co/weloglobal/1d68eb02-6a60-4961-af2b-5e2730d3d628	German into Japanese Patent Translators	Welo Global	岗位链接返回 404		j_a133b6033a7e
2026-07-15	https://jobs.smartrecruiters.com/Cielo2/744000114957987-senior-recruiter-korean-mandarin-english-	Senior Recruiter (Korean, Mandarin & English)	Cielo	职位页面标记为已过期		j_77852695bc90
2026-07-16	https://apply.workable.com/hyprwork/j/A54582D75B/	Product Sourcing Specialist, DTC Health & Wellness (China-Based)	Hyprwork	岗位链接跳转职位列表，无法打开该岗位详情		j_ababe020c0a6
2026-07-16	https://jobs.workable.com/view/jfnwCWfqkFH8JiBYoNPv45/remote-senior-manager--product-owner%2C-digital-venture%28good-in-chinese%29-in-china-at-makro-pro	Senior Manager- Product Owner, Digital Venture(Bilingual in Chinese & English)	CP Axtra	岗位链接返回 410		j_2a59d89783e1
2026-07-16	https://jobs.workable.com/view/4ab1DUJWQzt14xoxCBWGLg/chinese-to-korean-game-translator	Chinese to Korean game translator (Freelance/remote Job)	Keywords Studios	岗位直达链接无法稳定打开		j_fe965546c59e
2026-07-16	https://jobs.workable.com/view/iPK7SQPNE4N9wfcEKowb2Z/remote-u.s.-staff-accountant-in-china-at-law-offices-of-sabrina-li	U.S. Staff Accountant	Law Offices of Sabrina Li	岗位链接返回 410		j_d941aa6d5117
2026-07-16	https://jobs.workable.com/view/8zS3XGQprFjkW844DwHNBD/remote-bilingual-u.s.-immigration-paralegal-in-china-at-law-offices-of-sabrina-li	Bilingual U.S. Immigration Paralegal (Mandarin & English)	Law Offices of Sabrina Li	岗位链接返回 410		j_fecfcc29ac89
2026-07-16	https://jobs.workable.com/view/kSaokhEekuniQE9p3whkR5/purchase-order-production-qc-coordinator-china	Purchase Order & Production QC Coordinator (Remote) | China	HireHawk	岗位链接返回 410		j_a704c76a01fc
2026-07-17	https://jobs.lever.co/weloglobal/2d2f8069-cbeb-4417-b246-0c3e0d3b4e44	Project Saiph - Podcast Content Reviewer - Simplified Chinese (China Mainland)	Welo Global	岗位链接返回 404		j_25845991f9ef
2026-07-17	https://jobs.workable.com/view/mHfpCQfe5cB4RytLGnRHjG/language-lead---english-to-traditional-chinese-%28taiwan-based%2C-remote%29-in-new-taipei-at-acclaro	Language Lead - English to Traditional Chinese (Taiwan-based, Remote)	Acclaro	HTTP 410，岗位页面已不可用		j_674612587d0d
2026-07-17	https://jobs.lever.co/appen/8369b378-cfe4-46a6-b02f-82b28d86f6b3	Mandarin Audio Contributor – Voice Data Project (China-Based)	Appen	HTTP 404，岗位页面已不可用		j_106087747945
2026-07-17	https://jobs.lever.co/welocalize/84a1d8a7-9993-4d38-8a4d-97fdda9fd62c	English into Hong Kong Chinese Translator for Product/Service Contents	Welocalize	HTTP 404，岗位页面已不可用		j_179d644ac74a
2026-07-19	https://jobs.ashbyhq.com/bjakcareer/26e4c1d5-7abd-495c-86da-3d3621de23e1	Platform Engineer - AI Workflow Systems (Remote, China)	BJAK	直达页面未展示岗位标题与公司信息		j_a665187aa037
2026-07-19	https://jobs.ashbyhq.com/bjakcareer/421db827-ac51-41d5-ab03-84bd68723981	Frontend Engineer - Insurance Workflow Automation (China Remote)	BJAK	直达页面未展示岗位标题与公司信息		j_1d66dbf317a3
2026-07-19	https://jobs.ashbyhq.com/bjakcareer/12eba9f0-c05e-46fb-8be2-3514fc352fc5	QA Automation Engineer - Product Reliability (Remote, China)	BJAK	直达页面未展示岗位标题与公司信息		j_4d07c220aa29
2026-07-19	https://jobs.ashbyhq.com/bjakcareer/82df1e5b-5431-4088-af50-59537d28ecab	Lead Software Engineer - AI Workflow Automation (Remote, China)	BJAK	直达页面未展示岗位标题与公司信息		j_8e135bab4f6c
2026-07-19	https://jobs.ashbyhq.com/bjakcareer/4179f5df-32a0-4212-9fb8-55d1d5702e93	QA Automation Engineer - Release Quality (Remote, China)	BJAK	直达页面未展示岗位标题与公司信息		j_a7a058c94e9b
2026-07-19	https://jobs.ashbyhq.com/bjakcareer/780e81c0-93b1-4270-8e53-8d2c060e87d2	Technical Lead - Regional Systems (Remote, China)	BJAK	直达页面未展示岗位标题与公司信息		j_d0630b1ad1f4
2026-07-19	https://jobs.ashbyhq.com/bjakcareer/ac75bc4a-0fba-4fb6-b284-ac23f7ec0ca2	Backend Engineer - Insurance Automation Platform (Remote, China)	BJAK	直达页面未展示岗位标题与公司信息		j_201466b40c86
2026-07-20	https://job-boards.greenhouse.io/ibkr/jobs/7961698002	客户服务专员 (Client Services Representative)	Interactive Brokers	HTTP 404，职位页已失效		j_36bb519b7b45
2026-07-20	https://jobs.smartrecruiters.com/NBCUniversal3/744000130736578-franchise-operations-intern-shanghai-	Franchise Operations Intern (Shanghai)	NBCUniversal	职位页标记已过期		j_0cac3f1c6133
2026-07-20	https://jobs.smartrecruiters.com/NETZSCHGroup/744000129150931-innovation-talent-m-f-d-china	Innovation Talent (m/f/d) - China	NETZSCH Group	职位页标记已过期		j_e41663c36d64
2026-07-20	https://jobs.smartrecruiters.com/CliffordChance/744000098575275-trainee-shanghai	Trainee - Shanghai	Clifford Chance	职位页标记已过期		j_4794ac03ba17
2026-07-20	https://jobs.smartrecruiters.com/PSICRO/744000098206611-site-identification-specialist	Site Identification Specialist	PSI CRO	职位页标记已过期		j_d3780ddd5f1f
2026-07-20	https://jobs.smartrecruiters.com/NielsenIQ/744000118348487-senior-specialist-project-management	Senior Specialist, Project Management	NielsenIQ	职位页标记已过期且页面标题已变化		j_dee1408b7111
2026-07-21	https://jobs.lever.co/Coda/94830c5d-59f4-4441-a1b8-12bce238ec71	Compliance & Partner Enablement Specialist	Coda	HTTP 404 during mandatory direct candidate check		j_17fe2e079392
2026-07-21	https://jobs.sap.com/job/Dalian-China-SAP-China-iXp-Intern-Intern-Queue-Manager-for-Technial-Support-Dalian-116023/1396939433	SAP China iXp Intern - Intern Queue Manager for Technical Support	SAP	direct page states position has been filled		j_96441609a0c8
2026-07-22	https://job-boards.greenhouse.io/precisionmedicinegroup/jobs/5776264004	Regulatory and Site Start Up Specialist	Precision Medicine Group	岗位链接跳转至职位列表，无法打开该岗位详情		j_ac31aa272998
2026-07-22	https://job-boards.greenhouse.io/10xgenomics/jobs/6833512	Field Service Engineer	10x Genomics	岗位链接跳转至公司职位首页，无法打开该岗位详情		j_7d082b41c5d1
2026-07-22	https://apply.workable.com/lawofficesofsabrinali/j/682C21FCD0	Bilingual Client Intake Specialist (Mandarin & English)	Law Offices of Sabrina Li	岗位链接跳转至未找到页面		j_c7af49b226a2
2026-07-22	https://jobs.workable.com/view/8XpAusdE4okafBXHxnakBS/remote---senior-manager---commercial---china---regional-coverage-in-china-at-cp-axtra	Remote - Senior Manager - Commercial - China - Regional Coverage	CP Axtra	岗位链接返回 HTTP 410，页面已不可用		j_f59c59efa698
2026-07-22	https://careers.yodo1.com/jobs/7664931-people-operations-coordinator	People Operations Coordinator	Yodo1	link_check TLS fetch failed		j_7af6fb93ecbe
2026-07-22	https://careers.yodo1.com/jobs/7977600-games-recruitment-sourcer	Games Recruitment Sourcer	Yodo1	link_check TLS fetch failed		j_f7bdce1a94ed
2026-07-22	https://careers.yodo1.com/jobs/7665720-game-operations-manager-china	Game Operations Manager - China	Yodo1	link_check TLS fetch failed		j_509044f4adcd
2026-07-22	https://jobs.crimsoneducation.org/jobs/7885366-customer-success-manager	Customer Success Manager	Crimson Education	link_check detected login marker		j_c46323f04d8f
2026-07-22	https://jobs.crimsoneducation.org/jobs/7762205-local-admissions-counsellor-china	Local Admissions Counsellor, China	Crimson Education	link_check detected login marker		j_3d041d1bea48
2026-07-22	https://jobs.crimsoneducation.org/jobs/7892585-strategy-consultant-crimson-rise-english-and-mandarin-speaking	Strategy Consultant, Crimson Rise (English and Mandarin Speaking)	Crimson Education	link_check detected login marker		j_ed94810bbeb6
2026-07-22	https://wellfound.com/jobs/3769436-customer-success-associate-apac	Customer Success Associate (APAC)	Loxo	HTTP 403		j_646925cddc5a
2026-07-22	https://job-boards.greenhouse.io/remotecom/jobs/7747902003	Onboarding Operations Specialist - APAC	Remote	redirects to jobs board error page		j_e62a31383108
2026-07-22	https://job-boards.greenhouse.io/precisionmedicinegroup/jobs/6114314004	Site Contracts Manager	Precision Medicine Group	link_check detected captcha marker		j_97172c597b0c
2026-07-22	https://job-boards.greenhouse.io/planetlabs/jobs/7785112	Regional Manager, Customer Success (D&I - APJ)	Planet	application deadline passed and URL redirects to jobs board		j_d8c83b6bb619
2026-07-22	https://job-boards.greenhouse.io/alpaca/jobs/6013555004	Brokerage Operations Associate I - ACATS	Alpaca	URL redirects to jobs board error page		j_1f28a292e017
2026-07-22	https://job-boards.greenhouse.io/pfm/jobs/6052045004	Clinical Trial Manager	Precision for Medicine	link_check detected captcha marker		j_7ce65840dbd5
2026-07-23	https://booqable.com/careers/customer-support-apac	Customer Support Representative, APAC	Booqable	link_check 命中 bad page marker，按硬规则剔除		j_144cf67bb8c8
2026-07-23	https://jobs.ashbyhq.com/bjakcareer/3a4bb490-edc3-49d2-83ce-f8d05bfe8e18	Personal Assistant to Chairman (CN)	Bjak	link_check 未识别岗位标题与公司，按硬规则剔除		j_7dd22a6ba921
2026-07-23	https://jobs.ashbyhq.com/bjakcareer/0435a4f9-af24-463f-be8e-3f571d8c68d1	Test Automation Engineer - Customer Process Automation (Remote, China)	Bjak	link_check 未识别岗位标题与公司，按硬规则剔除		j_3c094fe3c3d7
2026-07-23	https://jobs.ashbyhq.com/bjakcareer/37bf1f7f-79fc-4538-93f2-eae64459a72e	Product Owner – China (Remote)	Bjak	link_check 未识别岗位标题与公司，按硬规则剔除		j_8dd673c54a45
2026-07-23	https://boards.greenhouse.io/embed/job_app?for=5ca&token=4023140101	English Gaming Support Agent - APAC	5CA	HTTP 404，岗位页已失效		j_e2478531f164
2026-07-23	https://job-boards.greenhouse.io/workstream/jobs/5156961004	AI Engineer	Workstream	跳转至通用职位列表错误页，无法打开具体岗位		j_ba1e008b8711
2026-07-26	https://job-boards.greenhouse.io/workstream/jobs/5341636004	研发实习生	Workstream	direct job URL redirects to company jobs list during finalist review		j_27bfcce8e868
2026-07-26	https://job-boards.greenhouse.io/precisionmedicinegroup/jobs/5722533004	Clinical Research Associate	Precision Medicine Group	direct job URL redirects to company jobs list during finalist review		j_3156f3129967
2026-07-26	https://jobs.smartrecruiters.com/NielsenIQ/744000130754871-senior-data-operations-analyst	Senior Data Operations Analyst	NielsenIQ	finalist page contains an expired-job marker		j_40e379f72414
2026-07-26	https://jobs.ashbyhq.com/paymentology/0bdc1e66-0fce-4114-8cf3-2cb1aef63bd4	Account Manager (Remote - APAC)	Paymentology	public job page does not expose matching title and company details		j_e6dcebb1e6cf
2026-07-27	https://jobs.workable.com/view/6outMdfegmNm9mzUNeVTWS/remote-digital-marketing-specialist-in-taiwan-at-law-offices-of-sabrina-li	Digital Marketing Specialist	Law Offices of Sabrina Li	job detail page returns HTTP 410		j_2d6684e7e694
2026-07-27	https://jobs.ashbyhq.com/bjakcareer/50480d74-5e0d-4ec8-883c-5e30c6c3e544	QA Automation Engineer - AI Workflow Systems (Remote, China)	BJAK	public page does not expose matching job title or company details		j_49125ac3f1c7
2026-07-28	https://jobs.workable.com/view/cATqDGe6crPCXB8TLndwDV/nonprofit-experience-%26-partnership-associate%2C-%28remote%2C-china%29-in-tianjin-at-visit.org	Nonprofit Experience & Partnership Associate	Visit.org	job detail page returns HTTP 410		j_0a576ad5ec85
2026-07-28	https://job-boards.greenhouse.io/cloudflare/jobs/7316913	Solutions Engineer, South China	Cloudflare	direct job URL redirects to company careers landing page		j_38cd1fa66c18
2026-07-28	https://jobs.crimsoneducation.org/jobs/6303844-ssat-isee-tutor-u-s-boarding-and-day-school-admissions	SSAT/ISEE Tutor, U.S. Boarding and Day School Admissions	Crimson Education	finalist link check returned a login marker		j_5e46746da244
2026-07-28	https://jobs.smartrecruiters.com/GriffithUniversity/744000009768795-academic-english-teacher-china	Academic English Teacher - China	Griffith University	finalist page contains an expired-job marker		j_cfd41c340e8c
2026-07-28	https://jobs.smartrecruiters.com/BoschGroup/744000126644110-software-engineer-etas	Software Engineer_ETAS	Bosch Group	finalist page contains an expired-job marker		j_7da48b9a7117
2026-07-28	https://jobs.smartrecruiters.com/BoschGroup/744000069245086-product-engineering-development-engineer-bst	Product Engineering Development Engineer_BST	Bosch Group	finalist page contains an expired-job marker		j_37a74264bd8b
2026-07-29	https://gensler.wd1.myworkdayjobs.com/en-US/genslercareers/job/Shanghai-China/Marketing-Specialist_R-17963	Marketing Specialist	Gensler	public page does not expose matching job title or company details		j_fa360eece620
2026-07-29	https://iqvia.wd1.myworkdayjobs.com/en-US/IQVIA/job/Marketing-Specialist_R1537708	Marketing Specialist (Contractor)	IQVIA	public page does not expose matching job title or company details		j_964c9fc174af
2026-07-29	https://jobs.smartrecruiters.com/NielsenIQ/744000118536559-senior-data-scientist	Senior Data Scientist	NielsenIQ	finalist page contains an expired-job marker		j_693ae9488564
2026-07-29	https://jobs.smartrecruiters.com/Versant3/744000117583227-affiliate-sales-intern	Affiliate Sales Intern	VERSANT Media	finalist page contains an expired-job marker		j_8312a6c5f0ff
2026-07-29	https://jobs.smartrecruiters.com/AveryDennison/744000115808468-procurement-lead	Procurement Lead	Avery Dennison	finalist page contains an expired-job marker		j_7301e4a8a3ba
2026-07-29	https://www.mongodb.com/careers/jobs/7174996	Senior Solutions Architect	MongoDB	public page does not expose matching company details		j_d40313758a8e
2026-07-29	https://jobs.smartrecruiters.com/QIMA/744000123738426-continuous-improvement-engineer-internship	Continuous Improvement Engineer Internship	QIMA	finalist page contains an expired-job marker		j_5a42d8842f00
2026-07-29	https://jobs.smartrecruiters.com/NielsenIQ/744000126018007-market-hr-partner-china	Market HR Partner - China	NielsenIQ	finalist page contains an expired-job marker		j_b8749b40e9bb
2026-07-29	https://jobs.lever.co/yuno/3cce9539-5a10-4b70-ac86-ef4d16a5f3aa	Technical Account Manager	Yuno	job detail page returns HTTP 404		j_8bcaf0a5aeca
2026-07-29	https://jobs.ashbyhq.com/Lime/bffe0122-4e2c-433f-ab13-6e157eb445e0	Senior Quality Engineer	Lime	public page does not expose matching job title or company details		j_37be89d1b941
2026-07-29	https://jobs.ashbyhq.com/bjakcareer/4bcceeeb-b7fd-4b6d-a72f-5eab6349d75a	Backend Software Engineer - AI Operations Systems (Remote, China)	BJAK	public page does not expose matching job title or company details		j_035ef96c1ecf
2026-07-29	https://job-boards.greenhouse.io/whatnot/jobs/5501922004	Senior Frontend Engineer - China	Whatnot	job detail page returns HTTP 404		j_1256b13d9925
2026-07-29	https://job-boards.greenhouse.io/fanaticscollectibles/jobs/4210010009	Strategy & Business Operations Associate, APAC	Fanatics Collectibles	direct job URL redirects to company careers landing page		j_fd967411d857
2026-07-29	https://job-boards.greenhouse.io/speechify/jobs/5975937004	Tech Lead, Web Core Product & Chrome Extension - Shanghai, China	Speechify	direct job URL redirects to company careers landing page		j_5afc43bba6e0
2026-07-30	https://job-boards.greenhouse.io/canonical/jobs/3433732	Alliances Field Engineer	Canonical	finalist page contains a captcha marker		j_90614d02f2f9
2026-07-30	https://join.com/companies/bragi/16101160-technical-sales-support-shenzhen-based	Technical Sales Support - Shenzhen Based	Bragi	job detail page returns HTTP 410		j_71a02f733c5c
2026-07-30	https://www.sinojobs.com/en/job-advertisements/job-details/sourcing-und-einkauf-in-china-mit-technikfokus-100-remote-vollzeit-mwd-1.html	Sourcing und Einkauf in China mit Technikfokus – 100% Remote – Vollzeit (m/w/d)	KF Brands	job detail page returns HTTP 410		j_b7b333de67ae
2026-07-30	https://job-boards.greenhouse.io/canonical/jobs/3737190	Sustaining Operations Engineer	Canonical	finalist page contains a captcha marker		j_54f721c9168b
2026-07-30	https://www.polyu.edu.hk/sft/-/media/department/sft/content/experience-and-opportunities/career-services/2026/20260609-alliance-brands.pdf?hash=C9BA19D8A40C0BABAB3226C53D6EB31F&rev=283d54818154474cae186d40a3144ef3	Legwear / Hosiery Designer	Alliance Brands Group	non-HTML posting does not expose an application path to link checker		j_152bb64c9d5d
2026-07-31	https://jobs.smartrecruiters.com/Konecranes/744000123606849-sales-and-offer-support-engineer-	Sales and Offer Support Engineer 销售支持工程师-上海	Konecranes	job has expired		j_8f66001d0c33
2026-07-31	https://job-boards.greenhouse.io/project44/jobs/7971693	Senior Software Engineer 1	project44	redirects to company job-board landing page; selected role unavailable		j_05489da6e8f0
2026-07-31	https://job-boards.greenhouse.io/speechify/jobs/5974621004	Senior Software Engineer, Core Experiences	Speechify	HTTP 503; unavailable to normal reader		j_ef6382bda478
2026-07-31	https://jobs.smartrecruiters.com/InformaGroupPlc/744000081517620-sales-executive-	Sales Executive	Informa	page shows different role: Key Account Manager - WOCA		j_2e509731450f
2026-07-31	https://jobs.workable.com/view/5yy8kABDDeJ1rriCDzTJvz/hybrid-associate-advisor---research-operations-in-shanghai-at-euromonitor	Associate Advisor - Research Operations	Euromonitor	HTTP 410		j_626412cd8eec
2026-08-01	https://jobs.smartrecruiters.com/NielsenIQ/744000124877589-market-hr-partner-china	Market HR Partner, China	NielsenIQ	job has expired		j_86822cd39480
2026-08-01	https://jobs.smartrecruiters.com/Averna1/744000126919529-avionics-test-bench-system-engineer	Avionics Test Bench System Engineer	Averna	job has expired		j_cb9d39e39851
2026-08-01	https://jobs.smartrecruiters.com/Canva/6000000000753503-operations-business-partner?trid=7d1dcdfa-96a8-4e55-bb9c-0db211f5a9b3	Operations Business Partner	Canva	job has expired		j_187f9975d894
2026-08-01	https://jobs.smartrecruiters.com/MinorInternational/744000114883274-telemarketing-consultant	Telemarketing Consultant	Minor International	job has expired		j_f58701f2f93b
2026-08-01	https://jobs.smartrecruiters.com/MattelInc/744000121930948-talent-acquisition-partner	Talent Acquisition Partner	Mattel	job has expired		j_e2572e845f7e
2026-08-01	https://jobs.ashbyhq.com/tenjin/8a681b38-89c6-45af-bfb4-70adec32e894	Customer Success Manager	Tenjin	page did not expose selected role details to link checker		j_81df76161c84
2026-08-01	https://roche.wd3.myworkdayjobs.com/en-US/roche-ext/job/Data-Engineer-Intern-CET_202607-117521-1	Data Engineer Intern-CET	Roche	page did not expose selected role details to link checker		j_a489f5a9289b
2026-08-01	https://jobs.apple.com/en-us/details/200661762-3715/business-data-analyst?team=CORSV	Business Data Analyst	Apple	bad-page marker detected		j_7d09e64caa9b
2026-08-01	https://jobs.apple.com/en-sa/details/200668562-3715/project-product-manager-apo-bpr?team=OPMFG	Project/Product Manager - APO BPR	Apple	bad-page marker detected		j_696aece03127
2026-08-01	https://job-boards.greenhouse.io/onrunning/jobs/7830494	Senior Specialist - Data Engineer	On	HTTP 302 without usable final job page		j_3d0b9e29c76b
2026-08-01	https://borgwarner.wd5.myworkdayjobs.com/en-US/BorgWarner_Careers/job/Shanghai---China/Business-Data-Analyst_R2026-1663-1	Business Data Analyst	BorgWarner	page did not expose selected role details to link checker		j_5c434fda928f
2026-08-01	https://dyson.wd3.myworkdayjobs.com/en-US/dyson_careers/job/Operations-Project-Manager_JR36479	Operations Project Manager	Dyson	page did not expose selected role details to link checker		j_aeae1de834f8
2026-08-02	https://jobs.smartrecruiters.com/BoschGroup/744000111982835-national-service-manager-hc	National Service Manager / 全国售后服务经理_HC	Bosch	job has expired		j_5787f66d8a42
2026-08-02	https://jobs.workable.com/view/aaoPbj4iEQdEq1xjV5JBRd/assistant-manager-%28online-division%29---offline-position-based-in-shanghai-in-shanghai-at-jadeclass-education	Assistant Manager (Online Division)	Jadeclass Education	HTTP 410		j_42c754a46401
2026-08-02	https://job-boards.greenhouse.io/canonical/jobs/2456563	Cloud Support Engineer	Canonical	application page blocked by CAPTCHA marker		j_f215a42a5382
2026-08-02	https://jobs.smartrecruiters.com/BoschGroup/744000088504697-hrbp?trid=7d1dcdfa-96a8-4e55-bb9c-0db211f5a9b3	HRBP	Bosch	job has expired		j_3c4e54d8d7c6
2026-08-02	https://jobs.smartrecruiters.com/ShijiGroup/744000102980138-implementation-consultant-pos	Hospitality Implementation Consultant, POS	Shiji Group	job is onsite in Singapore and not China-applicable remote		j_3bbf1f1d66b0
2026-08-02	https://jobs.smartrecruiters.com/Konecranes/744000117564166-director-people-culture-nea-	Director, People & Culture, NEA	Konecranes	job has expired		j_b8fc584502d6
2026-08-03	https://job-boards.greenhouse.io/flexport/jobs/7064368	Software Engineer Ⅰ, Forwarding Tech - Commerce	Flexport	redirects to company job-board landing page; selected role unavailable		j_2cb75eaa7b34
2026-08-03	https://jobs.workable.com/view/3tuvF3tHcBQWsZHQ9oNfLD/hybrid-digital-analytics-consultant---shanghai-in-shanghai-at-fifty-five	Digital Analytics Consultant - Shanghai	Fifty-Five	HTTP 410		j_d5acc03db758
2026-08-03	https://jobs.smartrecruiters.com/BEUMERGroup1/744000117585262-junior-marketing-specialist-	Junior Marketing & PA Specialist	BEUMER Group	job has expired		j_b9e8a9a2d1c1
2026-08-03	https://jobs.smartrecruiters.com/NBCUniversal3/744000131587079-assistant-category-manager-toys-hardline-up-e-china	Assistant Category Manager – Toys & Hardline, UP&E China	NBCUniversal	job has expired		j_529b44ed296c
2026-08-03	https://jobs.smartrecruiters.com/WesternDigital/744000118314111-system-application-hdd-diagnostic-engineer	Senior System Application HDD Diagnostic Engineer	Western Digital	job has expired		j_86617eb6a017
2026-08-03	https://job-boards.greenhouse.io/forter/jobs/8175381002	Sales Development Representative - GCR	Forter	redirects to company job-board landing page; selected role unavailable		j_975c71f44e45
2026-08-04	https://job-boards.greenhouse.io/marqvision/jobs/5205845008	Senior Partnerships Lead	MarqVision	redirects to company job-board landing page		j_eedf9103d1ab
2026-08-04	https://job-boards.greenhouse.io/guidepoint/jobs/8356476002	Compliance Associate	Guidepoint	redirects to company job-board landing page		j_6cdc6da7440b
2026-08-04	https://job-boards.greenhouse.io/adyen/jobs/7765236	Senior Compliance Advisory Officer	Adyen	redirects to company job-board landing page		j_a5943b3a7059
2026-08-04	https://job-boards.greenhouse.io/flexport/jobs/7490893	Procurement Operations associate	Flexport	redirects to company job-board landing page		j_dc336ba3370d
2026-08-04	https://job-boards.greenhouse.io/alpaca/jobs/5972648004	Production Support Engineer	Alpaca	redirects to company job-board landing page		j_8613fe9aa736
2026-08-04	https://jobs.smartrecruiters.com/Vitol/744000082578956-trade-accountant-1-year-contract-	Trade Accountant (1 year contract)	Vitol	job has expired		j_25b6ac72aac2
2026-08-04	https://jobs.smartrecruiters.com/NBCUniversal3/744000105808845-sales-ops-intern-tvd-shanghai-	Sales Ops Intern - TVD (Shanghai)	NBCUniversal	job has expired		j_4123a634a2a3
2026-08-04	https://jobs.smartrecruiters.com/Ubisoft2/744000094675855-game-designer-multiplayer-casual-party-game-	Game Designer - Multiplayer [Casual Party Game]	Ubisoft	job has expired		j_29afb5d7ff77
2026-08-04	https://jobs.smartrecruiters.com/HMGroup/744000123635799-digital-experience-specialist	Digital Experience Specialist	H&M Group	job has expired		j_ab77cd0ac676
2026-08-04	https://jobs.smartrecruiters.com/Sandisk/744000123346619-engineer-quality-assurance-engineering	Engineer, Quality Assurance Engineering	Sandisk	job has expired		j_cb15e3c35eaa
2026-08-04	https://jobs.workable.com/view/p5MByBC3jREAF8NCd5EQM7/remote-junior-auditor-%282-month-project-based-engagement%29---chinese-language-expertise-in-china-at-volga-partners	Junior Auditor (2-Month Project-Based Engagement) - Chinese Language Expertise	Volga Partners	HTTP 410		j_50fffd375542
2026-08-04	https://job-boards.greenhouse.io/starchild/jobs/5313889008	Marketing Operations Specialist	Starchild	page shows a different job title		j_f81ecdca00a3
2026-08-04	https://job-boards.greenhouse.io/nex/jobs/5051150008	Senior Supply Chain Data Analyst	Nex	redirects to company job-board landing page		j_7150bd96c4a5
2026-08-04	https://job-boards.greenhouse.io/canonical/jobs/5396437	PC Platforms Kernel Engineer - Ubuntu Linux	Canonical	application page blocked by CAPTCHA marker		j_1d0f7025abc4
2026-08-04	https://job-boards.greenhouse.io/scopely/jobs/4921191008	Producer - LiveOps	Scopely	redirects to company careers landing page		j_bb0a5969e364
2026-08-04	https://jobs.smartrecruiters.com/NielsenIQ/744000123882977-intern-operations-mandarin-speaker-	Intern, Operations (Mandarin Speaker)	NielsenIQ	job has expired		j_a76aa3bcfe61
2026-08-05	https://job-boards.greenhouse.io/scopely/jobs/5232974008	Senior Producer (Interpretation)	Scopely	redirects to company careers landing page		j_3e107976b986
2026-08-05	https://job-boards.greenhouse.io/quince/jobs/5232030008	Go-to-Market Systems & CRM Manager	Quince	redirects to company job-board landing page		j_c6f647d4961a
2026-08-05	https://job-boards.greenhouse.io/authenticbrandsgroup/jobs/5657156004	People & Culture Specialist	Authentic Brands Group	redirects to company job-board landing page		j_7eaaacdcb4d8
2026-08-05	https://jobs.smartrecruiters.com/Aumovio/744000100017761-manager-china-digital-transformation	Manager - China Digital Transformation	AUMOVIO	job has expired		j_795f184ba258
2026-08-05	https://jobs.smartrecruiters.com/QIMA/744000113395637-quality-leader-	Quality Leader	QIMA	job has expired		j_c14981ed5a70
2026-08-06	https://careers.mccormick.com/job/SHANGHAI-Assistant-Marketing-Manager-SH-200333/1400108400	Assistant Marketing Manager	McCormick & Company	no reader-visible application path		j_7bf67f9f154b
2026-08-06	https://www.kering.com/en/talent/job-offers/asia/kering-eyewear-assistant-integrated-marketing-manager	Assistant Integrated Marketing Manager	Kering Eyewear	redirects to regional job listing page		j_1b15fb835fc6
2026-08-06	https://dyson.wd3.myworkdayjobs.com/en-US/dyson_careers/job/Assistant-Brand-Manager_JR37203	Assistant Brand Manager	Dyson	public page does not expose matching job title or company details		j_1932ddec1528
2026-08-06	https://pernodricard.wd3.myworkdayjobs.com/en-US/pernod-ricard/job/Assistant-Brand-Manager_JR-053671-1	Assistant Brand Manager	Pernod Ricard	public page does not expose matching job title or company details		j_49ddac38df75
2026-08-06	https://careers.coca-colacompany.com/job/23491899/manager-brand-management-coca-cola-trademark-shanghai-cn	Manager, Brand Management, Coca-Cola Trademark	The Coca-Cola Company	application deadline has passed		j_f0ae226dfaf8
2026-08-06	https://mdlz.wd3.myworkdayjobs.com/en-US/External/job/Brand-Manager--Stride-Flavor-Line_R-167223	Brand Manager, Stride Flavor Line	Mondelēz International	public page does not expose matching job title or company details		j_f694697d1830
2026-08-06	https://chinajobs.disneycareers.cn/en/job/shanghai/associate-manager-consumer-activation-social-media-and-new-channel-development-%E5%8A%A9%E7%90%86%E7%BB%8F%E7%90%86-%E6%B6%88%E8%B4%B9%E8%80%85%E8%90%A5%E9%94%80-%E7%A4%BE%E4%BA%A4%E5%AA%92%E4%BD%93%E4%B8%8E%E6%96%B0%E6%B8%A0%E9%81%93%E6%8B%93%E5%B1%95/37498/93215571040	Associate Manager, Consumer Activation (Social media & New channel development)	Shanghai Disney Resort	job detail page returns HTTP 404		j_a155154b2905
2026-08-06	https://job-boards.greenhouse.io/alamarbiosciences/jobs/5788046004	China Marketing Manager	Alamar Biosciences	redirects to company job-board landing page		j_354a433057cf
2026-08-06	https://jobs.smartrecruiters.com/BoschGroup/744000132740519-regional-head-of-marketing-aa-shanghai-kuala-lumpur-pt	Regional Head of Marketing AA (Shanghai & Kuala Lumpur)_ PT	Bosch	job has expired		j_2e20500236cb
2026-08-06	https://jobs.smartrecruiters.com/NielsenIQ/744000065021466-manager-fmcg-industry	Associate Manager, FMCG Industry	NielsenIQ	job has expired		j_67cded175255
2026-08-06	https://jobs.workable.com/view/Y49vMafmL7AfSKVc4XFzGd/remote-technical-support-specialist-(apac)-in-singapore-at-360dialog	Technical Support Specialist (APAC)	360dialog	HTTP 410 on finalist verification		j_f2d14b17cb45
2026-08-06	https://jobs.workable.com/view/2dXPYW58uGTrrRAUcNtq39/remote-talent-sourcer-in-bengaluru-at-maker-lab	Talent Sourcer	Maker Lab	HTTP 410 on finalist verification		j_4fc4990918d4
2026-08-06	https://jobs.workable.com/view/4gq8P5AhYMu2WKEeMiKVQp/remote-java-android-developer-(apac)-in-manila-at-legacy-people	Java Android Developer (APAC)	Legacy People	HTTP 410 on finalist verification		j_93793293b47b
2026-08-06	https://jobs.workable.com/view/tZ7EC1hJF9QzDa9C4ySMtn/remote-sales-development-representative-(apac)-in-kuala-lumpur-at-valutico	Sales Development Representative (APAC)	Valutico	HTTP 410 on finalist verification		j_cdbb0059659d
2026-08-06	https://jobs.workable.com/view/iLPMx7hJL7KT2tMW6zezhG/remote-java-back-end-developer-(apac)-in-manila-at-legacy-people	Java Back-end Developer (APAC)	Legacy People	HTTP 410 on finalist verification		j_760c68c13685
2026-08-06	https://job-boards.greenhouse.io/bloomreach/jobs/7186240	Senior Customer Success Manager APAC	Bloomreach	final URL redirected to jobs list instead of specific role		j_c7f2543db9c4
2026-08-06	https://jobs.workable.com/view/9fovkC2Qs4nj74TMgKAgKG/remote-solutions-engineer--apac-in-singapore-at-domaintools	Solutions Engineer - APAC	DomainTools	HTTP 410 on finalist verification		j_6d9d6455354e
2026-08-06	https://jobs.lever.co/jumpcloud/769b4e02-ca3b-4dfc-80333-5bd2f16d46c0	Staff Product Manager, SSO - India	JumpCloud	HTTP 404 on finalist verification		j_a132d82b34e2
2026-08-06	https://job-boards.greenhouse.io/remotecom/jobs/7779690003	Manager, Lifecycle - Time & Attendance (APAC)	Remote	redirects to company job-board landing page		j_76194316a1c8
2026-08-06	https://job-boards.greenhouse.io/canonical/jobs/7911757	Embedded Devices Software Solution Sales Manager - APAC	Canonical	captcha marker on finalist verification		j_56ddc6ba4b38
2026-08-06	https://jobs.workable.com/view/uQFhZ4KatzMZZiUktyhmYP/remote-regional-vp-of-sales--apac-in-sydney-at-genetec	Regional VP of Sales - APAC	Genetec	HTTP 410 on finalist verification		j_d29234dd8cf3
2026-08-07	https://job-boards.greenhouse.io/remotecom/jobs/7814926003	Senior Lifecycle Specialist, Employee Relations and Transitions - APAC	Remote	最终核验触发 captcha 标记，未作为日报直达链接		j_2bab604572e8
2026-08-08	https://jobs.lever.co/getwingapp/212511d7-4bb6-4624-abec-2b255fa027f1	Product & Growth Associate (Remote, AI)	Wing Assistant	最终核验返回 HTTP 404，岗位页面不可用		j_478e8dabc524
2026-08-08	https://jobs.workable.com/view/gvYXE8SzQ1EU6arxPUJy17/remote-internal-finance---head-of-system-enabling-%28finance%29-in-hong-kong-at-goglobal	Internal Finance - Head of System Enabling (Finance)	GoGlobal	最终核验返回 HTTP 410，岗位页面不可用		j_60c4d69a644b
2026-08-08	https://jobs.workable.com/view/5WgL85Nquik17qCFSr3p8v/remote-community-builder-intern-%28hong-kong%29-in-malaysia-at-reapra-pte.-ltd	Community Builder Intern (Hong Kong)	REAPRA PTE. LTD.	最终核验返回 HTTP 410，岗位页面不可用		j_fda5fef1ef16
2026-08-08	https://jobs.workable.com/view/cxQD2A3tssZvPoXvxkSc52/technical-support-specialist---apac-%7C-remote-in-indonesia-at-360dialog-gmbh	Technical Support Specialist - APAC | Remote	360dialog GmbH	最终核验返回 HTTP 410，岗位页面不可用		j_fff744e2deca
2026-08-08	https://jobs.workable.com/view/fuvnBhL7XASysLstigEMCQ/remote-video-editor-in-taiwan-at-law-offices-of-sabrina-li	Video Editor	Law Offices of Sabrina Li	最终核验返回 HTTP 410，岗位页面不可用		j_9172f5d0ff63
2026-08-08	https://jobs.workable.com/view/wtoa7LfYLodikmu6KfSGRR/remote-graphic-designer-%26-video-editor-in-indonesia-at-law-offices-of-sabrina-li	Graphic Designer & Video Editor	Law Offices of Sabrina Li	最终核验返回 HTTP 410，岗位页面不可用		j_b1e62a5b5886
2026-08-09	https://jobs.ashbyhq.com/bjakcareer/0910bbd8-5f40-4f49-9bb4-708fa156b057	Director, Business Operations	Bjak	reader-visible title/company missing		j_591eca0f683b
2026-08-09	https://jobs.lever.co/valdera/8337823f-3e7c-4ad6-a4ea-90e79b584b40	Chemicals Supplier Engagement Specialist	Valdera	HTTP 404		j_739a78ccc9f2
2026-08-09	https://jobs.ashbyhq.com/deel/53a24027-7f10-454b-b518-b63aa12887fd	Sales Development Representative, SMB | China	Deel	reader-visible title/company missing		j_529c6be33fe8
2026-08-09	https://jobs.ashbyhq.com/bjakcareer/c1455a84-6091-4f3b-9130-07bb58f2bbe9	Associate, Office of the Chairman	Bjak	reader-visible title/company missing		j_eb4b245a1330
2026-08-09	https://job-boards.greenhouse.io/pfm/jobs/6114317004	Site Contracts Manager	Precision for Medicine	link_check ok_basic false: captcha marker		j_47e17b089504
2026-08-09	https://job-boards.greenhouse.io/remotecom/jobs/7804056003	Mobility Specialist - APAC	Remote	link_check ok_basic false: captcha marker		j_d041a15580e6
2026-08-10	https://jobs.workable.com/view/3njgWTxRgE3FVENsX4zKgE/english-esl-teacher-in-zhuhai-at-elevate	English ESL Teacher	Elevate	HTTP 410		j_c6512bc27dfc
2026-08-10	https://jobs.workable.com/view/4FnjKSbxXBbB7qadgS6TbD/contract-manager-in-shanghai-at-envalior	Contract Manager	Envalior	HTTP 410		j_58e5e47bd567
2026-08-11	https://booqable.com/careers/customer-support	Customer Support	Booqable	最终链接检查命中无效页面标记		j_add6cd131c26
2026-08-11	https://jobs.ashbyhq.com/clipboard/2d4a6478-ea39-4e5e-bb0c-dc7d7b14d220	Central WFM - RTA Team Lead	Clipboard Health	无法确认岗位标题和公司信息		j_05b5532a3767
2026-08-11	https://jobs.ashbyhq.com/bjakcareer/844ba19a-fe2b-49d2-b3f7-e814cf0888bb	Full Stack Developer	BJAK	无法确认岗位标题和公司信息		j_34b00efc18f2
2026-08-11	https://jobs.ashbyhq.com/atria/1fb6bf71-0b30-416a-b3b5-e273bf4ba7c0	AI Agent Engineer	Atria	无法确认岗位标题和公司信息		j_faee769796e7
2026-08-11	https://job-boards.greenhouse.io/pfm/jobs/5799873004	Senior Clinical Research Associate	Precision for Medicine	原岗位已下线并跳转至职位列表		j_337fc6926f66
2026-08-12	https://automattic.com/work-with-us/job/applied-ai-engineer	Applied AI Engineer	Automattic	直达页跳转至公司职位总页，无法继续申请该具体岗位		j_7cbcbb39afd4
2026-08-12	https://careers.airbnb.com/positions/7945163	Software Engineer, Community Support Engineering	Airbnb	岗位直达页返回 HTTP 404		j_3b7c3cd08262
2026-08-12	https://careers.airbnb.com/positions/7546721	Frontend Engineer, Payments	Airbnb	岗位直达页返回 HTTP 404		j_8f42ec6f53c0
2026-08-12	https://jobs.lever.co/bjak/3478c846-e9be-40d8-9db8-746fe0067d59	Business Operations Associate	BJAK	岗位直达页返回 HTTP 404		j_41d09be25baf
2026-08-12	https://jobs.ashbyhq.com/lemfi/17e7ed34-6d79-4e64-8593-657ef0542b6f	Regional Performance Marketing Manager - China	LemFi	公开直达页未展示岗位标题与公司详情		j_1fa6fb2ab3fc
2026-08-12	https://jobs.ashbyhq.com/heron-power/03f080e5-659c-4f23-8ad3-77b7bb5d5526	Supplier Industrialization Engineering Manager - China	Heron Power	公开直达页未展示岗位标题与公司详情		j_fdab46eb454d
2026-08-12	https://apply.workable.com/passionio/j/B89DB32A0F	Customer Success Manager (Global Remote | SaaS)	Passion.io	岗位页跳转到职位总页		j_2000f91ba1ea
2026-08-12	https://apply.workable.com/cloudlinux-1/j/D2A76A1A60	Server Backend Developer (Go + Python) for Imunify360 (work anywhere, remote)	CloudLinux	岗位页跳转到职位总页		j_a0c715883c69
2026-08-12	https://job-boards.greenhouse.io/precisionmedicinegroup/jobs/6016951004	Clinical Trial Manager (Shanghai/Beijing)	Precision Medicine Group	岗位页跳转到职位总页		j_5ed8adbf10b8
2026-08-14	https://jobs.ashbyhq.com/bjakcareer/6964b897-0b6b-42bd-813d-578c1639b8bd	Executive, Office of the CEO (China)	BJAK	公开页面未展示具体岗位标题与公司		j_292607d9d32a
2026-08-14	https://jobs.ashbyhq.com/bjakcareer/b1db7402-cbc0-42cc-8131-92ab857c194f	Recruitment Admin	BJAK	公开页面未展示具体岗位标题与公司		j_509227518f11
2026-08-14	https://jobs.ashbyhq.com/myTomorrows/f3904413-8574-4fc4-a522-2d23fc87dd2e	Patient Navigator	myTomorrows	公开页面未展示具体岗位标题与公司		j_1b71baa5da82
2026-08-14	https://jobs.ashbyhq.com/lilt-production/1a2402d6-afd7-48c6-b7de-71350a04ccda	Freelance Multimedia Localization Specialist - Remote	LILT	公开页面未展示具体岗位标题与公司		j_10d30e4f402a
2026-08-14	https://jobs.smartrecruiters.com/InterIKEAGroup/744000119769127-tax-treasury-intern	Tax & Treasury Intern	Inter IKEA Group	页面明确显示岗位已过期		j_dc125da8a2c0
2026-08-14	https://jobs.smartrecruiters.com/InformaGroupPlc/744000128426679-sales-manager-fashion-leather	Sales Manager, Fashion/Leather	Informa Group	页面标题不匹配且岗位已过期		j_4d1337cce7e1
2026-08-14	https://jobs.workable.com/view/97awPVbaeVsurrXNMqRFD6/art-teacher-in-shanghai-at-elevate	Art Teacher	Elevate	HTTP 410，岗位页已不可访问		j_c889308b4706
2026-08-14	https://jobs.workable.com/view/2oL1HiSZUc42nZxVteTDos/english-teacher-in-beijing-at-elevate	English Teacher	Elevate	HTTP 410，岗位页已不可访问		j_231120def788
2026-08-14	https://careers.celestica.com/job/Shanghai-Manager%2C-Strategic-Supply-Chain-SH/1407388133	Manager, Strategic Supply Chain	Celestica	页面明确显示岗位已招满		j_2c1ac3c310f8
2026-08-22	https://jobs.workable.com/view/qrwPC7Q5P9wdu3KDisGfFXQ3TD/quality-assurance-%28qa%29-engineer-%28ai-%26-insurance-core-systems%29-in-chengdu-at-igloo	Quality Assurance Engineer (AI & Insurance Core Systems)	Igloo	岗位页面返回 HTTP 410		j_4ec78c0cffc7
2026-08-22	https://jobs.workable.com/view/5U3LJzLCknSkeMgfFXQ3TD/mes-functional-analyst-in-shenzhen-at-critical-manufacturing	MES Functional Analyst	Critical Manufacturing	岗位页面返回 HTTP 410		j_221c6a2a4080
2026-08-25	https://jobs.workable.com/view/tG8EFcuemaF2X3Eh3HrfhL/%E4%BD%93%E8%82%B2%E8%80%81%E5%B8%88-in-shanghai-at-elevate	体育老师	Elevate	岗位链接返回 410		j_34ba46567d02
2026-08-25	https://jobs.ashbyhq.com/bjakcareer/4687a5a5-8851-47ea-8630-7b275936418b	Product Manager, Finance Super App (China)	BJAK	公开页面未展示匹配的岗位标题和公司详情		j_6df6ecb3fb6e
2026-08-25	https://jobs.workable.com/view/ocb51AezJcB8aLEAvECi7C/%E8%87%AA%E5%8A%A8%E5%8C%96%E6%B5%8B%E8%AF%95%E5%B7%A5%E7%A8%8B%E5%B8%88-in-shenzhen-at-kody	自动化测试工程师	Kody	岗位链接返回 410		j_dc9f0b809817
2026-08-25	https://covestro.wd3.myworkdayjobs.com/en-US/cov_external/job/Pudong-Shanghai-China/Buyer_JR-2026-00935	Buyer	Covestro	公开页面未展示匹配的岗位标题和公司详情		j_8e407d4462e1
2026-08-25	https://wwecorp.wd5.myworkdayjobs.com/private_postings/job/china---shanghai-mailman/content-manager_r0008154	Content Manager	IMG	公开页面未展示匹配的岗位标题和公司详情		j_55743a85574b
2026-08-25	https://jobs.workable.com/view/wJzqLbDrgRk6mjyKgyeexP/field-applications-engineer-%28shanghai%29-in-shanghai-at-forefront-rf	Field Applications Engineer (Shanghai)	Forefront RF	岗位链接返回 410		j_f12f8a90ed06
2026-08-25	https://jobs.workable.com/view/7JK4tehyQ7zMRhgkQ8Lh35/lead-product-manager%2C-ai-monetization---shenzhen-in-shenzhen-at-wati.io	Lead Product Manager, AI Monetization - Shenzhen	WATI.io	岗位链接返回 410		j_7dd893521d91
2026-08-25	https://job-boards.greenhouse.io/adjustjobs/jobs/4659402006	Account Executive - Guangzhou based	Adjust	岗位链接回落到公司职位列表页		j_6f69c27f23d3
2026-08-27	https://job-boards.greenhouse.io/whatnot/jobs/5501922004	Senior Frontend Engineer - China	Whatnot	官方 Greenhouse 页面返回 404，已从今日入围名单移除		j_1256b13d9925
2026-08-27	https://altera.wd1.myworkdayjobs.com/en-US/Altera/job/Customer-Operations---Inside-Sales-Representative_R02862	Customer Operations & Inside Sales Representative	Altera	强制链接检查无法读取岗位正文，未通过最终可用性验证		j_88dbe7d25546
2026-08-27	https://syneoshealth.wd12.myworkdayjobs.com/en-US/Syneos_Health_External_Site/job/Safety---PV-Specialist-I_25104368	Safety & PV Specialist I - Remote, China	Syneos Health	强制链接检查无法读取岗位正文，未通过最终可用性验证		j_1a8640d249f1
2026-08-27	https://agilent.wd5.myworkdayjobs.com/Agilent_Student_Careers/job/China-Remote-Location-Chengdu/2026---_4037638	安捷伦科技2026年校园招聘 – 售后服务工程师	Agilent	强制链接检查无法读取岗位正文，未通过最终可用性验证		j_899d010d3506
2026-08-27	https://agilent.wd5.myworkdayjobs.com/zh-CN/Agilent_Careers/job/FSAE_4039159-4	现场服务应用工程师	Agilent	强制链接检查无法读取岗位正文，未通过最终可用性验证		j_b743d9ebbced
2026-08-27	https://jobs.ashbyhq.com/bjakcareer/12eba9f0-c05e-46fb-8be2-3514fc352fc5	QA Automation Engineer - Product Reliability (Remote, China)	Bjak	强制链接检查无法读取岗位正文，未通过最终可用性验证		j_4d07c220aa29
2026-08-28	https://jobs.smartrecruiters.com/NBCUniversal3/744000140379409-sales-ops-intern-tvd	Sales Ops Intern - TVD	NBCUniversal	最终验证显示岗位已过期		j_67f4e53d8d82
2026-08-28	https://jobs.smartrecruiters.com/InterIKEAGroup/744000139929591-customs-operation-intern	Customs Operation Intern	Inter IKEA Group	最终验证显示岗位已过期		j_0917063f92e4
2026-08-28	https://jobs.smartrecruiters.com/InterIKEAGroup/744000139926974-logestics-intern	Logestics Intern	Inter IKEA Group	最终验证显示岗位已过期		j_94ccfa4735ed
2026-08-28	https://jobs.smartrecruiters.com/Solidigm/744000127767559-nand-development-business-operations-intern	NAND Development Business Operations Intern	Solidigm	最终验证显示岗位已过期		j_e5b59eef98fd
2026-08-28	https://jobs.smartrecruiters.com/Versant3/744000141170959-affiliate-sales-intern	Affiliate Sales Intern	VERSANT	最终验证显示岗位已过期		j_c8c16b7074f0
2026-09-01	https://jobs.smartrecruiters.com/NielsenIQ/744000136657827-customer-success-manager-oversea-auto	Customer Success Manager - Oversea Auto	NielsenIQ	岗位页面显示已过期，未进入今日精选		j_de9884e9d02c
2026-09-01	https://jobs.smartrecruiters.com/InterIKEAGroup/744000021373985-recruiter	Recruiter	Inter IKEA Group	岗位页面显示已过期，未进入今日精选		j_7403e8825b76
2026-09-01	https://job-boards.greenhouse.io/moneyherogroup/jobs/7799423003	Executive, Customer Service	MoneyHero Group	岗位链接回落到公司职位列表页，未进入今日精选		j_ca4b99d0c569
2026-09-01	https://job-boards.greenhouse.io/capco/jobs/7920707	Business Analyst / Project Manager | Fund Administration	Capco	岗位链接回落到职位列表页，未进入今日精选		j_e3eb3bdb7051
2026-09-02	https://diageo.wd3.myworkdayjobs.com/es/Diageo_Careers/job/Shanghai-China/Customer-Services-Analyst_JR1128262	Customer Services Analyst	Diageo	页面无法确认职位标题与公司信息		j_d8404a1d0984
2026-09-02	https://careers.marshall.com/jobs/6989222-apac-operations-specialist	APAC Operations Specialist	Marshall Group	HTTP 410，职位页面已不可用		j_047577822060
2026-09-02	https://jobs.smartrecruiters.com/RenesasElectronics/744000117778038-associate-application-engineer-	Associate Application Engineer	Renesas Electronics	职位页面显示已过期		j_1c194471c1a4
2026-09-02	https://jobs.smartrecruiters.com/Nagarro1/744000139562739-senior-staff-consultant-ba-	Senior Staff Consultant (BA)	Nagarro	职位页面显示已过期		j_a266bf4eae25
2026-09-02	https://chrobinson.wd5.myworkdayjobs.com/en-US/chrobinson/job/Shanghai-China/Strategic-Customer-Success-Manager_R48553	Strategic Customer Success Manager	C.H. Robinson	页面无法确认职位标题与公司信息		j_a5e6483dd321
2026-09-02	https://careers.marshall.com/jobs/7191676-operations-specialist	Operations Specialist	Marshall Group	HTTP 410，职位页面已不可用		j_362c3d30b150
2026-09-03	https://corningjobs.corning.com/job/Shanghai-MobilityImmigrationC%26B-OPS-Specialist-SH-200031/1394187000	Mobility/Immigration/C&B OPS Specialist	Corning	link_check ok_basic false: bad-page marker		j_7dcd0cbb95ca
2026-09-03	https://jobs.apple.com/en-us/details/200678949/cn-operations-specialist	CN-Operations Specialist	Apple	link_check ok_basic false: bad-page marker		j_57e0815a3b40
2026-09-03	https://worldpay.wd5.myworkdayjobs.com/worldpay_external_careers_site/job/shanghai-shanghai-china/client-success-manager-china_jr0610657	Client Success Manager China	Worldpay	link_check ok_basic false: title/company details missing		j_048557db8aa8
2026-09-03	https://jobs.smartrecruiters.com/NielsenIQ/744000115135355-senior-analyst-customer-success	Senior Analyst, Customer Success	NielsenIQ	job page expired		j_afa26d73e23d
2026-09-03	https://jobs.smartrecruiters.com/Canva/6000000000752325-frontend-software-engineer-gptn	Frontend Software Engineer - GPTN	Canva	job page expired		j_dad63a3a514b
2026-09-03	https://jobs.smartrecruiters.com/WesternDigital/744000106424425-engineer-quality-assurance-engineering	Engineer, Quality Assurance Engineering	Western Digital	job page expired		j_68f3ebb149f2
2026-09-04	https://jobs.workable.com/view/tRLiMfhkcTaSgCJQ1HRHCd/remote-%28fluent-english%29-account-manager-%28global%29-in-shanghai-at-supportyourapp	(fluent English) Account Manager (Global)	SupportYourApp	HTTP 410，岗位页面已不可用		j_6a9b16944753
2026-09-04	https://opsarmy.careers-page.com/jobs/5a028a2a-b938-4abe-b365-025990b1ff10	Male Cantonese Audio Content Performer | Remote | China	OpsArmy	HTTP 404，岗位页面已不可用		j_a5949942cab1
2026-09-04	https://jobs.ashbyhq.com/deel/07706d90-d267-4438-847b-c6de2dc0db62	Solutions Engineer - Deel Field Services	Deel	公开页面未展示具体岗位标题与公司详情		j_bb1313e84def
2026-09-04	https://jobs.ashbyhq.com/semgrep/6d99c53a-86a0-4ffe-a4fa-d9d92bea8716	Senior Solutions Engineer - Enterprise (APAC)	Semgrep	公开页面未展示具体岗位标题与公司详情		j_71441a460ce9
2026-09-04	https://jobs.lever.co/snowplow/e209cf38-0d85-43a8-b8f4-5837ceade3af	Technical Support Manager	Snowplow Analytics	HTTP 404，岗位页面已不可用		j_1fed2ad11933
2026-09-05	https://www.freightos.com/position/F1.E61	Customer Success Specialist APAC	Freightos	link_check detected bad-page marker		j_3e501822054e
2026-09-05	https://job-boards.greenhouse.io/pfm/jobs/5778135004	Clinical Research Associate	Precision for Medicine	岗位链接重定向到职位列表错误页		j_42f2a59ff69e
2026-09-05	https://careers.sumsub.com/jobs/7437610-technical-support-engineer-l2	Technical Support Engineer (L2)	Sumsub	link_check detected bad-page marker		j_bd381eb013da
2026-09-05	https://careers.sumsub.com/jobs/8213299-junior-customer-success-manager	Junior Customer Success Manager	Sumsub	link_check detected bad-page marker		j_cddb78a7b111
2026-09-05	https://careers.sumsub.com/jobs/8217924-sales-operations-specialist	Sales Operations Specialist	Sumsub	link_check detected bad-page marker		j_8602f525c526
2026-09-07	https://jobs.lever.co/weloglobal/b4779eb4-c07e-4015-90a4-b63dbb7521b1	Alpheratz Project - Chinese (China) Translation Quality Rater	Welocalize	岗位详情页返回 HTTP 404		j_dd42da8bac90
2026-09-07	https://jobs.workable.com/view/jNcNBoHYyk18eCSQsQSk4S/remote-data-engineer---web-scraping-%284-months-contract%29-in-taiwan-at-cxg	Data Engineer - Web Scraping (4 months contract)	CXG	岗位详情页返回 HTTP 410		j_631e8aef6d36
2026-09-07	https://job-boards.greenhouse.io/pfm/jobs/5832090004	Senior Clinical Data Manager	Precision for Medicine	岗位链接跳转至招聘列表错误页，详情已不可用		j_1eead9176e79
2026-09-07	https://jobs.ashbyhq.com/bjakcareer/d3757b11-576f-40c0-b103-104e3afefe71	Lead, Strategy & Operations, China	Bjak	岗位链接仅返回通用职位页，无法核验岗位正文		j_fd22f20b0530
2026-09-08	https://job-boards.greenhouse.io/usconec/jobs/4052760009	Applications Engineer	US Conec	direct role URL redirects to company jobs list and no longer shows the selected role		j_eddce235504b
2026-09-08	https://careers.yodo1.com/jobs/8059727-sales-operations-manager-china	Sales Operations Manager - China	Yodo1	basic URL check flagged a login marker		j_5f44a01ba7c4
2026-09-08	https://job-boards.greenhouse.io/casetify/jobs/5993026004	QA Engineer - Shenzhen	CASETiFY	direct role URL redirects to company jobs list and no longer shows the selected role		j_9247f8a79a70
2026-09-08	https://jobs.smartrecruiters.com/WesternDigital/744000130439520-specialist-3-customer-operations	Specialist 3, Customer Operations	Western Digital	job page marked expired		j_55473fdf56f8
2026-09-09	https://roche.wd3.myworkdayjobs.com/zh-CN/roche-ext/job/AI-Product-Manager_202606-116972-1	AI Product Manager	Roche	基础检查无法确认岗位标题、公司及读者可用申请详情		j_b510f4c0a663
2026-09-09	https://jobs.ashbyhq.com/deel/af020930-1d38-472c-a412-e06073875ad2	Enablement Manager, Revenue	Deel	基础检查无法确认岗位标题与公司		j_9b4872208385
2026-09-09	https://jobs.ashbyhq.com/bjakcareer/30e61c93-89e3-48e7-b72b-646ec764a78a	Business Operations Manager (Strategic Projects)	BJAK	基础检查无法确认岗位标题与公司		j_ad3a260900c7
2026-09-09	https://jobs.ashbyhq.com/bjakcareer/94d87fd3-d553-4a29-b3af-5716ac847bbf	Lead, Executive Operations	BJAK	基础检查无法确认岗位标题与公司		j_f5eaca50e6ad
2026-09-09	https://jobs.ashbyhq.com/synthesia/bd9ba8f0-b87b-4a3a-bca9-6496afc776f2	Field Marketing Manager, APAC	Synthesia	基础检查无法确认岗位标题与公司		j_c5fd95ff8a9d
2026-09-09	https://jobs.ashbyhq.com/elevenlabs/6c9008dc-06fb-41fd-a5e1-8896c7baa482	Events Lead – APAC	ElevenLabs	基础检查无法确认岗位标题与公司		j_26c5df589cf0
2026-09-09	https://jobs.workable.com/view/sLNfoRx6Rtvr7XRJ8i65YK/remote---senior-manager---devops%2Fplatform-engineering-in-china-at-makro-pro	Remote - Senior Manager - DevOps/Platform Engineering	Makro PRO	HTTP 410，岗位不可用		j_385fba99f8bc
2026-09-09	https://jobs.workable.com/view/hYeqodgHEa2FGjjqur6Hhy/remote-head-of-supply-chain%2C-dtc-health-%26-wellness-in-shenzhen-at-hyprwork	Head of Supply Chain, DTC Health & Wellness	Hyprwork	HTTP 410，岗位不可用		j_aa42ea61a057
2026-09-09	https://jobs.workable.com/view/5JAw5ucvj6Sxm4v3xjxeRZ/remote-marketing-manager---china-in-shanghai-at-peoplecert	Marketing Manager - China	PEOPLECERT	HTTP 410，岗位不可用		j_9cb902db907a
2026-09-11	https://job-boards.greenhouse.io/remotecom/jobs/7978382003	Coordinator, Payroll Client Services - APAC	Remote	possible bad page marker: captcha		j_f7523a9081e6
2026-09-11	https://abceducation-1719511743.na.teamtailor.com/jobs/547208-virtual-school-admissions-manager-china-based	Virtual School Admissions Manager (China-based)	ABC Education	possible bad page marker: log in		j_9d4d4e1a9137
2026-09-11	https://hr.novakidschool.com/o/senior-growth-product-manager-china-remote	Senior Growth Product Manager China (Remote)	Novakid	possible bad page marker: captcha		j_07c762d1341d
2026-09-11	https://thestudio.na.teamtailor.com/jobs/215654-sourcing-representative	Sourcing Representative	THE/STUDIO	possible bad page marker: log in		j_814cb30dad2b
2026-09-11	https://careers.highscale.ai/jobs/552302-video-editor	Video Editor	HIGHSCALE	possible bad page marker: log in		j_51b967bee3c4
2026-09-11	https://thestudio.na.teamtailor.com/jobs/691220-junior-influencer-marketing-ugc-coordinator	Junior Influencer Marketing & UGC Coordinator	THE/STUDIO	possible bad page marker: log in		j_a2c7393fec0d
2026-09-11	https://thestudio.na.teamtailor.com/jobs/501965-customer-success-manager-individual-contributor	Customer Success Manager (Individual Contributor)	THE/STUDIO	possible bad page marker: log in		j_6ca182ce30f2
2026-09-11	https://thestudio.na.teamtailor.com/jobs/696356-head-of-operations	Head of Operations	THE/STUDIO	possible bad page marker: log in		j_221a4ee594a6
2026-09-11	https://jobs.ashbyhq.com/bjakcareer/5bee3b49-e240-45fe-811c-d580a29b4656	Lead, HR Operations	Bjak	job title tokens not found; company tokens not found		j_f34dddefc44d
2026-09-11	https://jobs.ashbyhq.com/bjakcareer/9db57fdc-2d5d-4196-9a69-489eabdc9392	People Operations Specialist	Bjak	job title tokens not found; company tokens not found		j_0945cda96857
2026-09-11	https://jobs.ashbyhq.com/lilt-production/d7a5e875-6c02-4818-8bc0-6d0f7742467b	Customer Service & Support AI Rater & Evaluator	LILT	job title tokens not found; company tokens not found		j_1fc60f752d00
2026-09-11	https://jobs.ashbyhq.com/bjakcareer/eb944d69-6fdb-4a20-89b8-e70f74eef30e	Lead, People Systems	Bjak	job title tokens not found; company tokens not found		j_4a1188fd188c
2026-09-11	https://www.freightos.com/position/6E.A69	Sales Development Representative APAC	Freightos	possible bad page marker: log in; job title tokens not found		j_7521d32a3372
2026-09-12	https://jobs.lever.co/collabora/f7032fc1-9cca-4ba8-90e4-ecf27d3d2de9	Audio Consultant Engineer - Linux Audio Stack (Remote/Anywhere)	Collabora Productivity	官方职位接口已不存在该岗位		j_00ae6e3ad04e
2026-09-12	https://jobs.workable.com/view/9rjZshryxsAj1CeX5nf7PG/communication-designer-%28full-time%29---shanghai-%E5%B9%B3%E9%9D%A2%E8%AE%BE%E8%AE%A1%E5%B8%88---%E4%B8%8A%E6%B5%B7-in-shanghai-at-flowith	Communication Designer (Full-time) - Shanghai 平面设计师 - 上海	Flowith	http error 410		j_00c9df4005d6
2026-09-12	https://jobs.workable.com/view/n4kW63suABYGtimYPvwvaq/remote-senior-business-development-manager-china-in-china-at-ratehawk	Senior Business Development Manager China	RateHawk	http error 410		j_033bb6cf6e6e
2026-09-12	https://jobs.lever.co/collabora/9004aff0-3c70-46f4-af88-6dbd029c6e34	Platform Engineering Consultant (Remote/Anywhere)	Collabora Productivity	官方职位接口已不存在该岗位		j_03510df56107
2026-09-12	https://jobs.lever.co/xsolla/8fa72e71-c11e-44e7-95af-61d80e2f5a24	Junior QA Engineer	Xsolla	官方职位接口已不存在该岗位		j_04875559124f
2026-09-12	https://jobs.ashbyhq.com/sentient/8de396c7-fc94-4e1c-b1a4-5aa766f20ae3	Strategic Finance and Operations	Sentient	页面未找到岗位标题		j_04e0ddd2fe91
2026-09-12	https://jobs.lever.co/Sprinto/6317f326-3e05-4e5f-8f49-80ef4b5ffe34	Technical support Engineer	Sprinto	官方职位接口已不存在该岗位		j_0511a1673901
2026-09-12	https://jobs.ashbyhq.com/ethereum-foundation/221b118a-2d76-4fd6-bffb-c95d5e02076f	APAC Policy Manager	Ethereum Foundation	官方公开职位列表已不存在该岗位		j_05699ecab3d6
2026-09-12	https://jobs.lever.co/patsnap/b85aa927-6566-4d67-8d6c-b2c27776edf2	Product Marketing Manager, GTM – AI Agent Platform	PatSnap	官方职位接口已不存在该岗位		j_05769c0d87d6
2026-09-12	https://job-boards.greenhouse.io/adyen/jobs/7681247	Project Manager	Adyen	官方职位接口已不存在该岗位		j_05e283f12172
2026-09-12	https://jobs.workable.com/view/v7Eg7QVkdxHJ6APS3CSS4H/remote-global-content-%26-engagement-manager-in-bangkok-at-new-energy-nexus	Global Content & Engagement Manager	New Energy Nexus	http error 410		j_07357b815ab9
2026-09-12	https://job-boards.greenhouse.io/globalizationpartners/jobs/7703028003	Customer Success Manager	G-P	官方职位接口已不存在该岗位		j_0984fac8e825
2026-09-12	https://jobs.ashbyhq.com/supabase/4abf21b5-0fd3-4e2c-a384-6de77ec7f0d3	IT Systems Administrator	Supabase	页面未找到岗位标题		j_0a4b3415e60d
2026-09-12	https://jobs.ashbyhq.com/mapbox/219d4354-3f7d-40f9-b556-fbee304b8137	Technical Support Engineer III	Mapbox	页面未找到岗位标题		j_0ace060ba936
2026-09-12	https://jobs.workable.com/view/8T2PNuMBfNBbusVxGow3He/remote-u.s.-immigration-legal-assistant-(mandarin-bilingual)-in-china-at-law-offices-of-sabrina-li	U.S. Immigration Legal Assistant (Mandarin Bilingual)	Law Offices of Sabrina Li	http error 410		j_0b153b1fa0b3
2026-09-12	https://job-boards.eu.greenhouse.io/remotepeople/jobs/4964410101	Full Stack Engineer	Remote People	官方职位接口已不存在该岗位		j_0b976e71f7f7
2026-09-12	https://job-boards.greenhouse.io/impact/jobs/8370036002	Account Executive	impact.com	官方职位接口已不存在该岗位		j_0bc54e8ba28b
2026-09-12	https://jobs.ashbyhq.com/devsavant/38facd34-d362-491f-80ba-39580476137c	Senior Customer Success Manager (APAC)	DevSavant Inc.	官方公开职位列表已不存在该岗位		j_0ca5f16ede39
2026-09-12	https://job-boards.greenhouse.io/airbnb/jobs/7817040	Senior iOS Engineer, Global Markets	Airbnb	官方职位接口已不存在该岗位		j_0d39e3457540
2026-09-12	https://jobs.lever.co/neowiz/749c6287-767d-4c07-b730-83ca324ade59	[NEOWIZ China] Product Operations Manager	Neowiz	官方职位接口已不存在该岗位		j_0d4d5fb963fe
2026-09-12	https://job-boards.greenhouse.io/globalizationpartners/jobs/7784551003	Support Specialist (1 Year fixed term contract)	G-P	官方职位接口已不存在该岗位		j_0d6e34b37eaa
2026-09-12	https://job-boards.greenhouse.io/sonymusicentertainment/jobs/8223446002	Digital Content Operation Coordinator (1 year contract)	Sony Music	官方职位接口已不存在该岗位		j_0d718e845ab2
2026-09-12	https://job-boards.eu.greenhouse.io/remotepeople/jobs/4827341101	Sales Development Representative (China)	Remote People	官方职位接口已不存在该岗位		j_0d773a90a386
2026-09-12	https://www.collibra.com/company/careers/jobs/7837955?gh_jid=7837955	Senior Customer Support Engineer	Collibra	http error 404		j_0ebfe0b31477
2026-09-12	https://jobs.ashbyhq.com/bjakcareer/4a79257a-d7c6-465f-aa39-52e8c414decb	Senior Talent Acquisition Specialist	BJAK	页面未找到岗位标题		j_0eca8e85c20a
2026-09-12	https://jobs.lever.co/zurichinstruments/29f81429-7f88-464d-80c4-a27281034930	Application Engineer - China	Zurich Instruments	官方职位接口已不存在该岗位		j_0f142bdf3def
2026-09-12	https://job-boards.greenhouse.io/applovin/jobs/4680923006	(Senior) Manager, Business Development	AppLovin	官方职位接口已不存在该岗位		j_0f8805059679
2026-09-12	https://apply.workable.com/speexx/j/528D869060	Online German Language Trainer	Speexx	页面未找到岗位标题		j_11e5a80af85b
2026-09-12	https://job-boards.greenhouse.io/onrunning/jobs/8027926	Specialist - Account Service	On	官方职位接口已不存在该岗位		j_125341e07261
2026-09-12	https://job-boards.greenhouse.io/gitlab/jobs/8589147002	Manager, Solutions Architect - APJ	GitLab	官方职位接口已不存在该岗位		j_12beeb74c14a
2026-09-12	https://job-boards.greenhouse.io/alpaca/jobs/6103120004	Brokerage Client Service Associate	Alpaca	官方职位接口已不存在该岗位		j_130fd4a494cf
2026-09-12	https://jobs.lever.co/xsolla/c8222d67-a318-46b0-aa00-44f6cc67918e	Senior/Middle Frontend developer - React	Xsolla	官方职位接口已不存在该岗位		j_13163d014636
2026-09-12	https://jobs.workable.com/view/h51N6GaczVWiF2krBu7ZvR/remote-e-commerce-marketing-manager---hk-based-in-hong-kong-at-living-in-a-bubble	E-commerce Marketing Manager - HK Based	Living in a Bubble	http error 410		j_15e71104fc3c
2026-09-12	https://job-boards.greenhouse.io/justworks/jobs/7974721	International Consultant, APAC	Justworks	官方职位接口已不存在该岗位		j_16d12c96873a
2026-09-12	https://boards.greenhouse.io/flexport/jobs/7988576?gh_jid=7988576	Senior Associate, Control Tower & Service Delivery	Flexport	官方职位接口已不存在该岗位		j_1784c1396729
2026-09-12	https://job-boards.greenhouse.io/fanaticscollectibles/jobs/4242589009	Events Marketing Specialist, Greater China	Fanatics Collectibles	官方职位接口已不存在该岗位		j_1c07a1d0b05a
2026-09-12	https://job-boards.greenhouse.io/impact/jobs/8383181002	Customer Solutions Specialist	impact.com	官方职位接口已不存在该岗位		j_1ddd07915451
2026-09-12	https://job-boards.greenhouse.io/guidepoint/jobs/8399906002	Client Service Intern	Guidepoint	官方职位接口已不存在该岗位		j_1ebeb13672a7
2026-09-12	https://jobs.lever.co/veeva/8e3f7b6b-1cf8-43cf-b63b-c7cf576a523a	Legal Assistant/Paralegal	Veeva Systems	官方职位接口已不存在该岗位		j_1f0652d10375
2026-09-12	https://job-boards.greenhouse.io/sharkninjaoperatingllc/jobs/4687488006	Senior Test Engineer	SharkNinja	官方职位接口已不存在该岗位		j_1f408afbce58
2026-09-12	https://jobs.workable.com/view/8XpAusdE4okafBXHxnakBS/remote---senior-manager---commercial---china---regional-coverage-in-china-at-makro-pro	Remote - Senior Manager - Commercial - China - Regional Coverage	Makro PRO	http error 410		j_1f7f3fa2ca1a
2026-09-12	https://job-boards.greenhouse.io/okx/jobs/7650512003	Senior Strategy PMO / Project Manager (AI & Org Efficiency)	OKX	命中排除公司/域名规则		j_1f9e4ec7897b
2026-09-12	https://jobs.workable.com/view/diSHbXidTWEBefR93E6JwL/software-development-intern-in-shenzhen-at-wati.io	Software Development Intern	WATI.io	http error 410		j_225332b8f250
2026-09-12	https://jobs.workable.com/view/jfnwCWfqkFH8JiBYoNPv45/remote-senior-manager--product-owner%2C-e-commerce%28bilingual-in-chinese-%26-english%29-in-china-at-makro-pro	Senior Manager- Product Owner, E-commerce(Bilingual in Chinese & English)	Makro PRO	http error 410		j_239df8f8d37e
2026-09-12	https://jobs.lever.co/portcast/9eae7c37-09c8-4aa8-940e-8ccb746a0cad	Sales Manager (Greater China Market)	Portcast	官方职位接口已不存在该岗位		j_23aaf44cc268
2026-09-12	https://jobs.appliedmaterials.com/job/shanghai/amc-fso-internship/95/98035991776	AMC FSO Internship	Applied Materials	http error 404		j_244c2cf304d8
2026-09-12	https://jobs.citi.com/job/shanghai/kyc-operations-analyst-officer/287/95245137136	KYC Operations Analyst Officer	Citi	http error 404		j_250d190941e2
2026-09-12	https://job-boards.greenhouse.io/impact/jobs/8373840002	Customer Success Manager	Impact.com	官方职位接口已不存在该岗位		j_2521708634f0
2026-09-12	https://jobs.ashbyhq.com/supabase/847a7bd7-6b75-444a-aeda-d0b28a11c764	Platform Engineer - Multicloud	Supabase	页面未找到岗位标题		j_25841269a248
2026-09-12	https://apply.workable.com/cloudlinux-1/j/A6E4426247	Java Developer (remote, work anywhere)	CloudLinux	页面未找到岗位标题		j_2591a8426a00
2026-09-12	https://jobs.lever.co/cargo-partner/e85bb20c-e959-4bca-9df7-3c9326393860	Regional Coordinator Sales Enablement	cargo-partner	官方职位接口已不存在该岗位		j_2665768346b8
2026-09-12	https://job-boards.greenhouse.io/remotepeople/jobs/4931998101	Senior Back-End Engineer (Java)	Remote People	官方职位接口已不存在该岗位		j_26ac79b38484
2026-09-12	https://jobs.workable.com/view/nsSwzLfEEDVYgDnRQGYRiV/senior-marketing-manager-in-hong-kong-at-noble-panacea	Senior Marketing Manager	Noble Panacea	http error 410		j_2739cf084ddd
2026-09-12	https://jobs.workable.com/view/jRjMkbsUjS4ZA3P21xqC3n/hybrid-visual-director-in-shenzhen-at-vivaia	Visual Director	VIVAIA	http error 410		j_27b7e6f7c159
2026-09-12	https://jobs.lever.co/xsolla/48103c3c-358e-4290-ad81-03194ba74192	Senior QA Engineer	Xsolla	官方职位接口已不存在该岗位		j_28d883a80d87
2026-09-12	https://jobs.workable.com/view/jPYFRHkEbixbvWSYJgaYAw/regional-service-lead-emea-in-suzhou-at-solplanet	Regional Service Lead EMEA	Solplanet	http error 410		j_29631ae32229
2026-09-12	https://careers.marriott.com/senior-manager-brand-localization-and-experience-design-gc/job/71377BA5011510883929BAF666260ABD	Senior Manager, Brand Localization and Experience Design, GC	Marriott International / Marriott Careers	http error 404		j_2977d9646bfa
2026-09-12	https://jobs.workable.com/view/fzPHrdhuSbDCdvPpk7unL4/remote-marketing-intern-in-china-at-keywords-studios	Marketing Intern	Keywords Studios	http error 410		j_29d74babff66
2026-09-12	https://job-boards.greenhouse.io/globalizationpartners/jobs/7654063003	Sr Director, Sales (APAC)	G-P	官方职位接口已不存在该岗位		j_2a8dcb238f07
2026-09-12	https://jobs.lever.co/veeva/05acd8f1-fc74-4b07-adf1-f1e1434cabd1	Lead QA Engineer - Services Tooling	Veeva Systems	官方职位接口已不存在该岗位		j_2b46f8e22e64
2026-09-12	https://job-boards.greenhouse.io/altium/jobs/4588976006	Sr. SaaS Marketing Manager	Altium	官方职位接口已不存在该岗位		j_2dc21bb066f2
2026-09-12	https://jobs.lever.co/saviynt/b8a800cf-d792-4696-b764-cf3a92796776	Senior Director, Customer Success – APJ	Saviynt	官方职位接口已不存在该岗位		j_2e041ffdc6bd
2026-09-12	https://job-boards.greenhouse.io/gitlab/jobs/8324132002	Senior Backend Engineer, Gitlab Delivery: Runway (Platform Engineering)	GitLab	官方职位接口已不存在该岗位		j_2e28327f3585
2026-09-12	https://job-boards.greenhouse.io/levanta/jobs/5271206008	Customer Success Manager (Asia Based, Mandarin Fluent/English Proficient)	Levanta	官方职位接口已不存在该岗位		j_2eda2f9d40b0
2026-09-12	https://job-boards.greenhouse.io/automatticcareers/jobs/6216089	Happiness Engineer – Customer Support & Success	Automattic	官方职位接口已不存在该岗位		j_2efb5e14a822
2026-09-12	https://jobs.workable.com/view/jyQ2VRi6e5UQ9PEVBjeJUg/remote-social-media-manager-with-chinese---gaming---part-time-in-changsha-at-keywords-studios	Social Media Manager with Chinese - Gaming - Part-time	Keywords Studios	http error 410		j_2f18fb6e816d
2026-09-12	https://job-boards.eu.greenhouse.io/remotepeople/jobs/4719277101	Customer Enablement Manager（China）	Remote People	官方职位接口已不存在该岗位		j_2f87868215fe
2026-09-12	https://jobs.workable.com/view/mUi82xnNbvvs5L4AQ17fAA/remote-global-brand-%26-design-lead-%286-month-contract%29-in-shanghai-at-new-energy-nexus	Global Brand & Design Lead (6-month contract)	New Energy Nexus	http error 410		j_2f94c826ee40
2026-09-12	https://jobs.lever.co/hypebeast/d22f06ec-04ff-443a-bc8a-e4ea2837dada	Editor	Hypebeast	官方职位接口已不存在该岗位		j_30c185a1cb16
2026-09-12	https://yirifi.zohorecruit.in/jobs/careers/188042000000643192/Data-Engineer	Data Engineer	Yirifi.ai	页面标记: no longer available		j_3212328f90fe
2026-09-12	https://jobs.workable.com/view/jvwbpgrsRJHYdbV9RSjjjq/retail-operations-manager-in-shenzhen-at-vivaia	Retail Operations Manager	VIVAIA	http error 410		j_33207fbd045b
2026-09-12	https://boards.greenhouse.io/flexport/jobs/7992012?gh_jid=7992012	Payroll Manager, APAC	Flexport	官方职位接口已不存在该岗位		j_34b8eedca610
2026-09-12	https://jobs.ashbyhq.com/clerky/3563a84f-79d8-41c3-b1b7-76a35e8a2a72	Customer Operations & Writing Specialist (Entry Level)	Clerky, Inc.	页面未找到岗位标题		j_34e3774c0801
2026-09-12	https://job-boards.greenhouse.io/remotecom/jobs/7687348003	Manager, Sales - Southeast Asia/ Greater China	Remote	官方职位接口已不存在该岗位		j_351bc94b89a7
2026-09-12	https://jobs.workable.com/view/7bCiYn9q8DqWxErgEGahps/remote-sales-development-rep-%28sdr%29%3A-apac-in-singapore-at-valutico	Sales Development Rep (SDR): APAC	Valutico	http error 410		j_35568388789e
2026-09-12	https://jobs.workable.com/view/eWXZnaxLEdKJXxgfEogXzf/remote-china-sourcing-and-partnership-lead-in-china-at-infatica.io	China Sourcing and Partnership Lead	Infatica.io	http error 410		j_3647e78ef15d
2026-09-12	https://job-boards.greenhouse.io/scopely/jobs/5021593008	Director of Marketing	Scopely	官方职位接口已不存在该岗位		j_36730cd7a681
2026-09-12	https://jobs.workable.com/view/qwdigmHLK3GNxZ1EPofYhP/talent-acquisition-partner-in-shenzhen-at-zeal-group	Talent Acquisition Partner	Zeal Group	http error 410		j_368f8aa527a1
2026-09-12	https://jobs.ashbyhq.com/bjakcareer/196a112b-6124-4361-a95b-1428c9abbd74	Product Lead - China (Remote)	Bjak	页面未找到岗位标题		j_3944f518bc32
2026-09-12	https://jobs.workable.com/view/n9CqcRgV5bBvyL3cz2gTAT/remote-wholesale-account-manager-%28sms%29-in-china-at-cequens	Wholesale Account Manager (SMS)	CEQUENS	http error 410		j_397e23fe7373
2026-09-12	https://jobs.lever.co/vo2-group/f958e06a-d87d-49d1-9bb7-442c767fe931	[VO2 APAC] - Project Manager	VO2 Group	官方职位接口已不存在该岗位		j_398024c598d8
2026-09-12	https://job-boards.greenhouse.io/twilio/jobs/7903877	Senior Customer Success Manager	Twilio	官方职位接口已不存在该岗位		j_39c6ff223769
2026-09-12	https://job-boards.greenhouse.io/point72/jobs/8689341002	Recruiting Coordinator, Investment Services	Point72	官方职位接口已不存在该岗位		j_3c03534f4a05
2026-09-12	https://jobs.workable.com/view/qUZXfuDzqKPg4inehHogG6/remote-preceptor-in-china-at-watson-institute	Preceptor	Watson Institute	http error 410		j_3ca732adcaa9
2026-09-12	https://job-boards.eu.greenhouse.io/jetbrains/jobs/4831771101	Head of Operations (China)	JetBrains	官方职位接口已不存在该岗位		j_3cf0e4cdf9c8
2026-09-12	https://jobs.workable.com/view/2MdqzqAv5qYvK96c4HrpC2/remote-senior-manager-of-customer-solution-in-shanghai-at-solplanet	Senior Manager of Customer Solution	Solplanet	http error 410		j_3d9624891688
2026-09-12	https://jobs.smartrecruiters.com/InformaGroupPlc/744000131620829-senior-analyst-consumer-electronics-iot	Senior Analyst, Consumer Electronics & IoT	Informa Group Plc.	官方职位接口已不存在该岗位		j_3f77de4df730
2026-09-12	https://jobs.lever.co/unlimit/7f1a9f4b-5f6b-4732-8aa0-e89fb66e3f3d	Onboarding Manager (APAC)	Unlimit	官方职位接口已不存在该岗位		j_3f9179e74da9
2026-09-12	https://job-boards.greenhouse.io/css/jobs/8335427002	Software Engineer, CloudKitchens - Beijing	CloudKitchens	官方职位接口已不存在该岗位		j_3ff0e535e95a
2026-09-12	https://asana.com/jobs/apply/7838490?gh_jid=7838490	Head of Customer Success APAC	Asana	http error 404		j_406221df40f3
2026-09-12	https://jobs.ashbyhq.com/omniscient/58af2337-9539-49af-bb14-a2f98281d85c	Graphic Designer	Omniscient	官方公开职位列表已不存在该岗位		j_407ff4123339
2026-09-12	https://jobs.ashbyhq.com/k-ID/744dfee9-8b84-4777-8882-6c69f1a6797c	Customer Success Manager, Greater China	k-ID	官方公开职位列表已不存在该岗位		j_40acf82e012f
2026-09-12	https://jobs.workable.com/view/wT34LtHQobekoUQdu7Xs9o/remote-account-manager---emea-in-london-at-tyk-technologies	SaaS Account Manager - EMEA	Tyk Technologies	http error 410		j_40cb250c5f92
2026-09-12	https://job-boards.greenhouse.io/appier/jobs/7369542	Account Operations Intern, Beijing	Appier	官方职位接口已不存在该岗位		j_40f0409ea757
2026-09-12	https://jobs.workable.com/view/55WArCdi2WFv4sws17c4JQ/hybrid-content-marketing-intern-in-shanghai-at-flowith	Content Marketing and Growth Hacker (Full-time/Intern)	Flowith	http error 410		j_4137b77bdc9b
2026-09-12	https://jobs.workable.com/view/nsNCtVga8kC1PuVCfanDJb/remote-social-media-manager-with-chinese---gaming---fixed-term-in-chengdu-at-keywords-studios	Social Media Manager with Chinese - Gaming - Fixed-term	Keywords Studios	http error 410		j_414b1420d7bd
2026-09-12	https://careers.airbnb.com/positions/7946288?gh_jid=7946288	AI Engineer, Community Support Engineering	Airbnb	http error 404		j_417e51f6afde
2026-09-12	https://jobs.lever.co/shopback-2/f2775c6c-94ae-4498-bd55-d003d2925abb	Marketing Intern	ShopBack	官方职位接口已不存在该岗位		j_42583a98acca
2026-09-12	https://careers.marriott.com/zh-cn/director-brand-portfolio-greater-china-design-hotels/job/7915FD629684CA0E2A389344D66EFC58	Director, Brand Portfolio - Greater China Design Hotels	Marriott / Design Hotels Careers	http error 404		j_4321547a4198
2026-09-12	https://jobs.lever.co/weloglobal/d9596624-0560-4682-825a-dd8ee98401d2	English into Japanese Medical Translators Remote	Welo Global	官方职位接口已不存在该岗位		j_44b5e174e6d4
2026-09-12	https://jobs.ashbyhq.com/socket/0f4dae19-9c49-4e45-acb7-365ca0099370	Sales Engineer, APAC	Socket	页面未找到岗位标题		j_44fd7be28804
2026-09-12	https://jobs.workable.com/view/sikvQQPnEeqy27fDKwRYV3/remote-broker-operations-specialist-in-china-at-threetrader	Broker Operations Specialist	ThreeTrader	http error 410		j_461ededbb14b
2026-09-12	https://jobs.ashbyhq.com/bjakcareer/ea40be8e-9c3f-429e-b9d2-1e34a9ca270a	React Frontend Engineer - Claims & Policy Automation (China, Remote)	Bjak	页面未找到岗位标题		j_46fe4ba3c77c
2026-09-12	https://jobs.ashbyhq.com/runpod/25e7d414-e338-42dc-a206-ca4727f3f98f	Forward Deployed Engineer APAC	Runpod	页面未找到岗位标题		j_48fac0c9bd6e
2026-09-12	https://job-boards.greenhouse.io/clickhouse/jobs/6018725004	Support Engineer - China (Alibaba Cloud Strategic Accounts) 支持工程师 - 中国（阿里云战略客户）	ClickHouse	官方职位接口已不存在该岗位		j_4b9f07a9f609
2026-09-12	https://jobs.ashbyhq.com/bjakcareer/37b972e1-6670-4351-8988-a14d6bfe72a7	Assistant Recruitment Manager	BJAK	页面未找到岗位标题		j_4ba6d7f267d4
2026-09-12	https://job-boards.greenhouse.io/fanaticscollectibles/jobs/4208324009	Logistics Manager, APAC	Fanatics Collectibles	官方职位接口已不存在该岗位		j_4c49d4b88b5d
2026-09-12	https://careers.cathaypacific.com/en/careers/jobs/china/assistant-manager-member-recruitment-engagement-31050	Assistant Manager Member Recruitment & Engagement	Cathay / Cathay Careers	http error 404		j_4d634ef72696
2026-09-12	https://job-boards.greenhouse.io/cloudflare/jobs/8031945?gh_jid=8031945	Business Development Representative, Beijing	Cloudflare	官方职位接口已不存在该岗位		j_5092eeaeec6a
2026-09-12	https://job-boards.greenhouse.io/prolific/jobs/4587960101	AI Trainer - Advanced Mandarin Fluency	Prolific	官方职位接口已不存在该岗位		j_5095b50014d9
2026-09-12	https://www.lego.com/en-us/careers/job/digital-marketing-manager-00cf4c4615ce1000f2ad52e559ee0000	Digital Marketing Manager	The LEGO Group / LEGO Careers	http error 404		j_525eb907bff3
2026-09-12	https://job-boards.eu.greenhouse.io/jetbrains/jobs/4773679101	Talent Sourcer	JetBrains	官方职位接口已不存在该岗位		j_539f7d801cf6
2026-09-12	https://job-boards.greenhouse.io/remotecom/jobs/7728166003	Payroll Specialist Lead - China Payroll (Individual Contributor)	Remote	官方职位接口已不存在该岗位		j_5447780263dc
2026-09-12	https://careers.airbnb.com/positions/7768427?gh_jid=7768427	Staff Software Engineer, Global Markets (Backend)	Airbnb	http error 404		j_552b974f5b37
2026-09-12	https://job-boards.greenhouse.io/remotepeople/jobs/4801950101	QA Engineer (China)	Remote People	官方职位接口已不存在该岗位		j_561747362090
2026-09-12	https://careers.bureauveritas.com/China/job/%E4%B8%8A%E6%B5%B7%E5%B8%82-TA-Partner-Shan/1371908433	TA Partner	Bureau Veritas	页面标记: position has been filled		j_593ea3a44d4e
2026-09-12	https://jobs.workable.com/view/bmGrCkw1n4Q688y9mNQ4At/remote-sales-executive-%7C-networking-solutions-(hong-kong-%2F-china)-in-china-at-teltonika	Sales Executive | Networking Solutions (Hong Kong / China)	Teltonika	http error 410		j_5963af796298
2026-09-12	https://job-boards.greenhouse.io/adyen/jobs/7692490	Compliance Advisory Officer	Adyen	官方职位接口已不存在该岗位		j_59e6289a97a0
2026-09-12	https://jobs.ashbyhq.com/singular/ce99aad5-1bc4-4ca6-95d6-659f15a75e1c	Partnership Lead	Singular	官方公开职位列表已不存在该岗位		j_59edb7eaa8c3
2026-09-12	https://jobs.lever.co/veeva/39b95683-9c50-4721-aafe-68f3dad04f83	Data Analyst	Veeva Systems	官方职位接口已不存在该岗位		j_5a4f038e6c91
2026-09-12	https://job-boards.greenhouse.io/scopely/jobs/5298879008	Narrative Writer (Contractor)	Scopely	官方职位接口已不存在该岗位		j_5ab80cab8e9e
2026-09-12	https://jobs.lever.co/veeva/d5bfb1d5-72c4-45e8-8ca6-75097a3b617e	Manager/Senior Manager - Content Strategy - China	Veeva Systems	官方职位接口已不存在该岗位		j_5af2bfce4382
2026-09-12	https://jobs.lever.co/weloglobal/d1f093c7-88fe-44d3-9e2a-337766962cd0	Korean (Korea) > Japanese (Japan) Lyric Translation Reviewer	Welo Global	官方职位接口已不存在该岗位		j_5ecaf19c644e
2026-09-12	https://jobs.deel.com/deel/job-details/32a60b8e-cdbb-475a-8659-003ca4b0d9a6/overview	Legal Counsel, Mobility	Deel	页面标记: job not found		j_5f87a75e5863
2026-09-12	https://jobs.workable.com/view/i4VqKajTDAn2h1iUev9KrB/remote-senior-technical-editor-(heavy%2Fcomplex-machinery)-in-beijing-at-avomind	Senior Technical Editor (Heavy/Complex Machinery)	Avomind	http error 410		j_607555cabf96
2026-09-12	https://careers.cathaypacific.com/en/careers/jobs/china/marketing-executive-30918	Marketing Executive	Cathay / Cathay Careers	http error 404		j_60e765be888b
2026-09-12	https://jobs.lever.co/veeva/c7923967-6a98-47fb-b683-d641de3b5c1b	GL Accountant - Asia	Veeva Systems	官方职位接口已不存在该岗位		j_610c29be097f
2026-09-12	https://job-boards.greenhouse.io/scopely/jobs/5204332008	Lead Product Manager, Mobile Games	Scopely	官方职位接口已不存在该岗位		j_62f0fe1555d5
2026-09-12	https://jy.tust.edu.cn/correcruit/content/id/44764.html	线上助教兼职	深圳市万校互联科技有限公司 / 天津科技大学就业信息网	页面未找到岗位标题		j_632633442fe1
2026-09-12	https://jobs.lever.co/yuno/a9a5abcc-112c-47a3-ba23-6a153c764375	(Golang) Backend Developer - Integrations	Yuno	官方职位接口已不存在该岗位		j_64c52a2dacb8
2026-09-12	https://job-boards.greenhouse.io/coursera/jobs/6000017004	Public Relations Manager I, APAC	Coursera	官方职位接口已不存在该岗位		j_654690f80f26
2026-09-12	https://careers.datadoghq.com/detail/7930201?gh_jid=7930201	Coordinator, Business Recruiting (Contract)	Datadog / 官方招聘页	http error 404		j_65b49629acbe
2026-09-12	https://jobs.ashbyhq.com/meshy/a4c75007-043c-4369-b1ee-0498949d2940	Creator Marketing Specialist	Meshy LLC	官方公开职位列表已不存在该岗位		j_6607f9c7bf88
2026-09-12	https://jobs.ashbyhq.com/bjakcareer/94d2727e-7549-48e5-87cb-e69416e01c6f	Product Lead - Finance Super App (China)	BJAK	页面未找到岗位标题		j_66c45f0546e2
2026-09-12	https://jobs.ashbyhq.com/bjakcareer/fed22dfc-fb9a-45ee-a392-639476e54529	Technical Product Manager, AI Systems	Bjak	页面未找到岗位标题		j_66ec4c12b76d
2026-09-12	https://job-boards.greenhouse.io/correlationone/jobs/5989610004	Curriculum Developer: Aerospace Technician (contract; part time)	Correlation One	官方职位接口已不存在该岗位		j_6701991a22df
2026-09-12	https://jobs.lever.co/shopback-2/74ba8992-7cf0-45ed-bb1d-45767ec8709b	Product Designer	ShopBack	官方职位接口已不存在该岗位		j_678358cd5cb7
2026-09-12	https://jobs.workable.com/view/7qEctjcfbm2viKrufyE3ZE/remote-senior-product-manager-%28apac%29-in-singapore-at-kora	Senior Product Manager (APAC)	Kora	http error 410		j_67b9d7c84f45
2026-09-12	https://job-boards.greenhouse.io/clickhouse/jobs/5720674004	Engineering Manager - China	ClickHouse	官方职位接口已不存在该岗位		j_6f36f0d9a87d
2026-09-12	https://jobs.workable.com/view/6KYf4EJp9FK1pzBEPJVyMu/hybrid-head-of-commercial-enablement-apac-in-shanghai-at-nuvei	Head of Commercial Enablement APAC	Nuvei	http error 410		j_6f3906064e56
2026-09-12	https://jobs.workable.com/view/2oporKz3tsokexAQEsb2zt/business-development-manager--apac-prince2-%28remote%29-in-malaysia-at-peoplecert	Business Development Manager- APAC PRINCE2 (Remote)	PEOPLECERT	http error 410		j_6f901586c20a
2026-09-12	https://job-boards.greenhouse.io/clickhouse/jobs/5980183004	Senior Consulting Engineer - Singapore	ClickHouse	官方职位接口已不存在该岗位		j_6fca9e8d329c
2026-09-12	https://job-boards.greenhouse.io/guidepoint/jobs/8610677002	Talent Acquisition Associate	Guidepoint	官方职位接口已不存在该岗位		j_700feec70dd9
2026-09-12	https://jobs.workable.com/view/84pNoPZ2xqVKqJXionz8pG/remote-sf-ec-%2B-time-off---consultant-in-china-at-rolling-arrays---consulting	SF EC + Time Off - Consultant	Rolling Arrays - Consulting	http error 410		j_70b436fe6680
2026-09-12	https://jobs.workable.com/view/7bta2qPu3zVApdj7812PQR/seo%2Fgeo-and-content-marketing-specialist-in-hong-kong-at-apm-monaco	SEO/GEO and Content Marketing Specialist	APM Monaco	http error 410		j_70c4908718e1
2026-09-12	https://job-boards.greenhouse.io/gitlab/jobs/8514379002	Senior Customer Success Manager - India	GitLab	官方职位接口已不存在该岗位		j_720497650930
2026-09-12	https://job-boards.greenhouse.io/scopely/jobs/5230561008	People Operations & Benefits Specialist (Contractor)	Scopely	官方职位接口已不存在该岗位		j_72885f6b20c3
2026-09-12	https://jobs.workable.com/view/tiyn5D3ddk64Rbs3haYW37/hybrid-intern---clients-and-markets-in-shanghai-at-control-risks	Intern - Clients and Markets	Control Risks	http error 410		j_73e39d012f72
2026-09-12	https://job-boards.greenhouse.io/adyen/jobs/8034919	Implementation Engineer I	Adyen	官方职位接口已不存在该岗位		j_749bff169366
2026-09-12	https://jobs.workable.com/view/6CgdEQGJFnoDZ6xy7D8AHA/remote-growth-marketing-lead-in-indonesia-at-intellect	Growth Marketing Lead	Intellect	http error 410		j_756106bd3cfb
2026-09-12	https://job-boards.greenhouse.io/clickhouse/jobs/6097383004	People Business Partner Lead - APJ	ClickHouse	官方职位接口已不存在该岗位		j_7655ba71d8c4
2026-09-12	https://jobs.lever.co/patsnap/7dd988e8-e8da-4a1e-ae7a-c418758fe8b8	Senior/ Software Engineer(Backend)	Patsnap	官方职位接口已不存在该岗位		j_76dd898d02ba
2026-09-12	https://jobs.lever.co/brooksrunning/5590f29f-d7af-43d0-9bfa-13169fb3bdb7	3PL Distribution & Transportation Operations Manager, China	Brooks Running	官方职位接口已不存在该岗位		j_77901dd0f8db
2026-09-12	https://jobs.lever.co/xsolla/f2aab2a7-beae-4f6f-9995-0bfc3569e2f5	Global Materials and Production Manager	Xsolla	官方职位接口已不存在该岗位		j_780987d0a6e2
2026-09-12	https://jobs.workable.com/view/989m1b95y166s8oRjNt4Tr/remote-digital-marketing-manager---ecommerce-in-singapore-at-living-in-a-bubble	Digital Marketing Manager - Ecommerce	Living in a Bubble	http error 410		j_78fafe4bf5fc
2026-09-12	https://jobs.workable.com/view/dYs5wqiLcuHPHaDKGWHyXY/hybrid-data-%26-pricing-analyst%2C-apac-in-shanghai-at-nuvei	Data & Pricing Analyst, APAC	Nuvei	http error 410		j_796862d3b983
2026-09-12	https://jobs.lever.co/elfbeauty/b938ff42-6e79-4bdb-93f7-0b582a359edc	Manager, Project Management of NPD & LCM	e.l.f. Beauty	官方职位接口已不存在该岗位		j_7b0f1bee6740
2026-09-12	https://job-boards.greenhouse.io/lumimeds/jobs/4302204009	Marketing Project Manager	LumiMeds	官方职位接口已不存在该岗位		j_7b931286b217
2026-09-12	https://jobs.lever.co/weloglobal/e7034076-e172-4246-9fba-3eb32f602e46	Project Manager	Welo Global	官方职位接口已不存在该岗位		j_7d566097b524
2026-09-12	https://jobs.workable.com/view/rRXvQAJjJDiYbepq4DVKeW/community-associate%2Fbarista-(customer-service%2C-events-and-sales-in-sai-kung-at-the-flexi-group	Community Associate/Barista (Customer Service, Events and Sales)	The Flexi Group	http error 410		j_7e43f7c069a5
2026-09-12	https://asana.com/jobs/apply/7958707	Channel Partner Manager, South Asia	Asana	http error 404		j_7e95f14d3d6e
2026-09-12	https://jobs.workable.com/view/cvRPaNhMr9Dzf7wkdE17oQ/senior-brand-content-creative---storytelling%2C-aigc-%26-motion-in-shenzhen-at-moomoo	Senior Brand Content Creative - Storytelling, AIGC & Motion	moomoo	http error 410		j_7fe6f7912f45
2026-09-12	https://job-boards.greenhouse.io/goatgroup/jobs/4721826005	Software Engineer I	GOAT Group	官方职位接口已不存在该岗位		j_81375b37ab65
2026-09-12	https://job-boards.greenhouse.io/css/jobs/8013872002	Senior Software Engineer, CloudKitchens - Beijing	CloudKitchens	官方职位接口已不存在该岗位		j_816dad82bc9f
2026-09-12	https://boards.greenhouse.io/flexport/jobs/7981654?gh_jid=7981654	Ocean Operations Associate	Flexport	官方职位接口已不存在该岗位		j_819e047be9ce
2026-09-12	https://jobs.lever.co/jumpcloud/9a6ab6b6-d8fc-4e34-8d13-9e8016e98223	Account Manager - Singapore	JumpCloud	官方职位接口已不存在该岗位		j_831c14f1aa74
2026-09-12	https://jobs.lever.co/jumpcloud/3c532d6e-0664-4093-861a-1fdd3f94f27d	Learning Experience Specialist - India	JumpCloud	官方职位接口已不存在该岗位		j_83df8f05bd53
2026-09-12	https://jobs.workable.com/view/khjxfaPM78ebWZxFdJmgYa/remote-language-ai-solutions-specialist-in-singapore-at-keywords-studios	Language AI Solutions Specialist	Keywords Studios	http error 410		j_8422e75d2308
2026-09-12	https://job-boards.greenhouse.io/vercel/jobs/5858553004	Senior Customer Support Engineer	Vercel	官方职位接口已不存在该岗位		j_845f4162dd79
2026-09-12	https://job-boards.greenhouse.io/clickhouse/jobs/5768077004	Senior Cloud Performance Engineer	ClickHouse	官方职位接口已不存在该岗位		j_84b8d3dd5e9b
2026-09-12	https://job-boards.greenhouse.io/impact/jobs/8371681002	Associate Customer Success Manager	impact.com	官方职位接口已不存在该岗位		j_857e7f351fc0
2026-09-12	https://jobs.lever.co/getwingapp/bd02a64d-f28f-44ea-8b95-efd29107b859	Product Manager, AI Solutions	Wing Assistant	官方职位接口已不存在该岗位		j_858bd7846391
2026-09-12	https://jobs.workable.com/view/sck6SqG1MRR5hm8MjF2UXJ/remote-senior-influencer-%26-partnerships-manager-in-china-at-avomind	Senior Influencer & Partnerships Manager	Avomind	http error 410		j_858fd14adf13
2026-09-12	https://job-boards.greenhouse.io/globalizationpartners/jobs/7712244003	Revenue Operations Specialist	G-P	官方职位接口已不存在该岗位		j_86049324721f
2026-09-12	https://jobs.lever.co/collabora/ce9e8f6d-10e8-4357-8ef1-f307e9d0c3ec	QA Specialist (China, Japan, Indonesia, Australia, Philippines and Thailand)	Collabora Productivity	官方职位接口已不存在该岗位		j_8746f2b846de
2026-09-12	https://jobs.workable.com/view/v3C2mcKUemUdSeHyTgopaJ/remote-director-of-customer-success%2C-apac---industrial-in-australia-at-seeq	Director of Customer Success, APAC - Industrial	Seeq	http error 410		j_88cccbb65d85
2026-09-12	https://job-boards.greenhouse.io/altium/jobs/4671585006	Academic Account Representative	Altium	官方职位接口已不存在该岗位		j_89d77f63ca7a
2026-09-12	https://jobs.workable.com/view/kZasLa4VE2QHFXjeGieKPS/marketing-strategist-(growth-marketing	Marketing Strategist (Growth Marketing)	Konew FinTech Corporation Limited	http error 410		j_8ac65331b7a3
2026-09-12	https://job-boards.greenhouse.io/guidepoint/jobs/8382611002	Talent Acquisition Intern 招聘实习生	Guidepoint	官方职位接口已不存在该岗位		j_8c7839a14304
2026-09-12	https://jobs.lever.co/weloglobal/bd1048ad-4dd6-4355-999a-1fa8abc39e18	Senior Project Manager	Welo Global	官方职位接口已不存在该岗位		j_8ddb714805a6
2026-09-12	https://jobs.lever.co/oxylabs/4b5e363a-5139-47a0-953b-307caa441adb	Performance Marketing Manager (China)	Oxylabs	官方职位接口已不存在该岗位		j_8ecd2e4d1f38
2026-09-12	https://jobs.lever.co/spreetail/ab20fc72-7f3f-4b1f-9645-6f39338d0029	Ecommerce Account Manager - Native Mandarin Speaking	Spreetail	官方职位接口已不存在该岗位		j_8ed5befad0f5
2026-09-12	https://job-boards.greenhouse.io/gitlab/jobs/8591221002	Senior Solutions Architect, Global SI (India)	GitLab	官方职位接口已不存在该岗位		j_9049082525b7
2026-09-12	https://job-boards.eu.greenhouse.io/remotepeople/jobs/4881308101	Accounts Payable Specialist	Remote People	官方职位接口已不存在该岗位		j_9127307a667b
2026-09-12	https://jobs.lever.co/dlocal/064e63f8-49aa-46d8-afde-93167c027615	Regulatory Performance & Assurance Officer APAC	dLocal	官方职位接口已不存在该岗位		j_915cf0f1949a
2026-09-12	https://jobs.citi.com/job/shanghai/research-analyst-china-securities-newco/287/95664760432	Research Analyst (China Securities NewCo)	Citi	http error 404		j_920461001d90
2026-09-12	https://jobs.lever.co/vo2-group/17c1ba7f-64ca-4c1e-a26b-82f1e1e6571e	[VO2 APAC] - IT PMO	VO2 Group	官方职位接口已不存在该岗位		j_928752f2560b
2026-09-12	https://job-boards.greenhouse.io/adjustjobs/jobs/4653859006	Account Executive/Customer Success Manager - China based in Shenzhen	Adjust	官方职位接口已不存在该岗位		j_9396083ca709
2026-09-12	https://jobs.lever.co/weloglobal/90249c0e-aee7-4981-8168-8348f1774f66	German into Simplified Chinese Patent translator(德语到中文专利兼职译员)	Welo Global	官方职位接口已不存在该岗位		j_94e425cfb653
2026-09-12	https://job-boards.greenhouse.io/freshprints/jobs/6107426004	Sourcing and Order Merchandiser 跟单	Fresh Prints	官方职位接口已不存在该岗位		j_9553a5ae589b
2026-09-12	https://jobs.workable.com/view/9ernjKt9mFgbASfHVAY4Uy/brand-creative-(art	Brand Creative (Art) - Film, Motion & AI	moomoo	http error 410		j_96921fa87c52
2026-09-12	https://jobs.workable.com/view/8UDXMyYtPwUbBiGRFYjWwA/customer-success---australia-clients---remote-in-philippines-at-sleek	Customer Success - Australia Clients - Remote	Sleek	http error 410		j_9839102dc252
2026-09-12	https://jobs.workable.com/view/wDmeq9ncSvdVWjvSFhz1wd/remote-mandarin-bilingual-%7C-virtual-assistants-in-quezon-city-at-global-medical-virtual-assistants	Mandarin Bilingual | Virtual Assistants	Global Medical Virtual Assistants	http error 410		j_98550c7df4f8
2026-09-12	https://job-boards.greenhouse.io/impact/jobs/8589261002	Lead Technical Services Engineer	impact.com	官方职位接口已不存在该岗位		j_98fbf94369f3
2026-09-12	https://jobs.lever.co/weloglobal/cc87d396-8361-424b-a925-30a184c5e22d	Talent Community Manager – Life Sciences	Welo Global	官方职位接口已不存在该岗位		j_991c0f585d39
2026-09-12	https://job-boards.greenhouse.io/authenticbrandsgroup/jobs/5822731004	VP, Brand Management - Reebok APAC	Authentic Brands Group	官方职位接口已不存在该岗位		j_9a2d0f89cc72
2026-09-12	https://jobs.lever.co/Sprinto/11a4a6e1-e891-48d1-b6b5-9cd71262b23f	Lead Product Support Engineer	Sprinto	官方职位接口已不存在该岗位		j_9d8265fd7cd9
2026-09-12	https://jobs.lever.co/weloglobal/05839637-b19e-476a-8647-027c182cb3ef	Lead Recruiter – Regulatory & Clinical (CRO/Pharma)	Welo Global	官方职位接口已不存在该岗位		j_9d9ed973c2bc
2026-09-12	https://job-boards.greenhouse.io/gitlab/jobs/8521684002	Candidate Experience Specialist, Contractor	GitLab	官方职位接口已不存在该岗位		j_9e4e77c29a2c
2026-09-12	https://jobs.lever.co/unlimit/c6813826-066a-41b5-aede-7d8a71fd1fc1	Merchant Support Specialist APAC	Unlimit	官方职位接口已不存在该岗位		j_9ed299c06d9c
2026-09-12	https://job-boards.greenhouse.io/guidepoint/jobs/8523907002	Product Manager(Technical)	Guidepoint	官方职位接口已不存在该岗位		j_a0082f30ca1a
2026-09-12	https://jobs.lever.co/getwingapp/033b12e4-2d4b-4e71-8368-0d6298c00a4d	Customer Service Representative | Bilingual: Mandarin-English (Remote)	Wing Assistant	官方职位接口已不存在该岗位		j_a03f500a9fcf
2026-09-12	https://job-boards.greenhouse.io/correlationone/jobs/6134543004	Curriculum Developer: Data Center Technician (contract; part time)	Correlation One	官方职位接口已不存在该岗位		j_a0a68cd25cc5
2026-09-12	https://job-boards.greenhouse.io/figma/jobs/6010954004?gh_jid=6010954004	Enterprise Support Specialist, Korean Speaking (Singapore)	Figma	官方职位接口已不存在该岗位		j_a2f481dbaabf
2026-09-12	https://job-boards.greenhouse.io/impact/jobs/8312766002	Director of Marketing, Greater China	impact.com	官方职位接口已不存在该岗位		j_a32632fbc565
2026-09-12	https://careers.cathaypacific.com/en/careers/jobs/china/product-development-growth-manager-30885	Product Development & Growth Manager	Cathay / Cathay Careers	http error 404		j_a34bad4085fc
2026-09-12	https://job-boards.greenhouse.io/flexport/jobs/8048084	Account Service Delivery Associate	Flexport	官方职位接口已不存在该岗位		j_a45daed930af
2026-09-12	https://jobs.workable.com/view/kUGSnCS2YRCS71N9LNJti8/remote-field-application-engineer-(machine-learning)-in-china-at-quadric%2C-inc	Field Application Engineer (Machine Learning)	quadric, Inc	http error 410		j_a47c6fb3bb40
2026-09-12	https://job-boards.greenhouse.io/teneolinkedin/jobs/7802593003	Internship, Financial Advisory	Teneo	官方职位接口已不存在该岗位		j_a4e68d4704c0
2026-09-12	https://stripe.com/jobs/listing/risk-operations-analyst-mandarin-speaking/7994384	Risk Operations Analyst (Mandarin Speaking)	Stripe	http error 404		j_a657ccd15d08
2026-09-12	https://jobs.workable.com/view/exi7hmafGKdrBBAm1WNp6o/senior-business-analyst---health-insurance-(fully-remote)-in-dublin-at-covergo	Senior Business Analyst - Health Insurance (Fully Remote)	CoverGo	http error 410		j_a6b26e17cb7f
2026-09-12	https://job-boards.greenhouse.io/sonymusicentertainment/jobs/7890365002	Supervisor, Marketing-RCA	Sony Music	官方职位接口已不存在该岗位		j_a79f60fa6b9e
2026-09-12	https://careers.marriott.com/sr-manager-pmo-customer/job/2ADF83836ACB7DC2BC3F95888D7CEC13	Sr Manager, PMO, Customer	Marriott International / Marriott Careers	http error 404		j_a7fd728c946b
2026-09-12	https://job-boards.greenhouse.io/globalizationpartners/jobs/7747063003	Sr. Manager, Customer Success	G-P	官方职位接口已不存在该岗位		j_a907bc6b8d31
2026-09-12	https://job-boards.greenhouse.io/monsterenergyapac/jobs/4216490009	Key Account Manager - Shanghai, China	Monster Energy	官方职位接口已不存在该岗位		j_a97fb7607827
2026-09-12	https://jobs.lever.co/xsolla/86377699-ad33-419d-b81d-dfbf9d859b10	Backend Engineer (Golang&PHP)	Xsolla	官方职位接口已不存在该岗位		j_a9e09c167026
2026-09-12	https://careers.nike.com/senior-manager-digital-marketing-gc-converse/job/R-83785	Senior Manager, Digital Marketing, GC - Converse	Converse / Nike Careers	http error 404		j_ac59d5639472
2026-09-12	https://jobs.workable.com/view/6JYJtVPy1w95MYTkcLheuF/part-time-esl-teacher-in-shanghai%2C-china-in-shanghai-at-jadeclass-education	Part-time ESL Teacher in Shanghai, China	Jadeclass Education	http error 410		j_ac7376885f73
2026-09-12	https://jobs.ashbyhq.com/bjakcareer/7517270c-bfb0-4a7d-962c-d38a1a284503	PR & Communications Manager	Bjak	页面未找到岗位标题		j_ad01fcfa83fd
2026-09-12	https://job-boards.greenhouse.io/freshprints/jobs/6103586004	Sourcing and Order Specialist	Fresh Prints	官方职位接口已不存在该岗位		j_af45fad9f90e
2026-09-12	https://job-boards.greenhouse.io/agency/jobs/4707898101	Mandarin Chinese Voice Actor - Freelance AI Trainer Project	Invisible Agency	海外 AI Trainer/评测岗缺少中国大陆可投证据		j_af51f8744f18
2026-09-12	https://jobs.lever.co/popsockets/94fefcfc-5c08-4aa2-8c74-88b1bbb200dd	Director, China Marketing	PopSockets	官方职位接口已不存在该岗位		j_afe7398968a1
2026-09-12	https://job-boards.greenhouse.io/appier/jobs/6783397	Account Manager - Beijing, China	Appier	官方职位接口已不存在该岗位		j_b108458fb71e
2026-09-12	https://jobs.lever.co/hypebeast/cfa45cd1-2d39-4d9e-ad65-ebc0cfe97be7	Marketing Manager, China	Hypebeast	官方职位接口已不存在该岗位		j_b38ac6d89e13
2026-09-12	https://jobs.lever.co/weloglobal/c321add1-b7cb-4390-ae91-6f338ec0e6ee	Korean (Korea) <> English (United States) Lyric Translation Reviewer	Welo Global	官方职位接口已不存在该岗位		j_b3d4d37129a5
2026-09-12	https://job-boards.greenhouse.io/casetify/jobs/5976123004	Growth Marketing Manager	CASETiFY	官方职位接口已不存在该岗位		j_b5105283055d
2026-09-12	https://jobs.lever.co/90seconds/3a5d3f31-0ea8-41dd-8295-81a8cf5b87f8	Payments Specialist	90 Seconds	官方职位接口已不存在该岗位		j_b55a5d23b5c8
2026-09-12	https://jobs.ashbyhq.com/photoroom/21d7187d-9d43-4d19-8580-13bf6513f1c0	Customer Support Agent (Freelance/Part time)	Photoroom	页面未找到岗位标题		j_b55fc8497e02
2026-09-12	https://jobs.lever.co/shopback-2/a962bf59-3298-4112-949a-c820f5f5c349	Sales Operations & Strategy Intern	ShopBack	官方职位接口已不存在该岗位		j_b5a758c95e8c
2026-09-12	https://jobs.lever.co/weloglobal/1af55554-dad4-48ad-97ca-6550fab8cf4c	Non-Linguistic Quality Control Specialists (China)	Welo Global	官方职位接口已不存在该岗位		j_b8e34e9cf084
2026-09-12	https://jobs.ashbyhq.com/singular/14e043f3-524c-45a6-91c9-3765718de243	Sales Development Representative, China	Singular	官方公开职位列表已不存在该岗位		j_b944df54bb3f
2026-09-12	https://stripe.com/jobs/listing/product-support-specialist-mandarin-speaking/7945056	Product Support Specialist (Mandarin-speaking)	Stripe	http error 404		j_b945fa6dc14c
2026-09-12	https://job-boards.greenhouse.io/aplayers/jobs/5818938004	Localization Specialist - Chinese (Mandarin), Contract	MrBeast Contract Jobs / CreatorGlobal	官方职位接口已不存在该岗位		j_b94b65e7f6de
2026-09-12	https://job-boards.eu.greenhouse.io/remotepeople/jobs/4742894101	Senior Manager of RevOps	Remote People	官方职位接口已不存在该岗位		j_b96fb6c2b363
2026-09-12	https://job-boards.eu.greenhouse.io/cision/jobs/4881049101	Communications Strategist, Global Communications	Cision	官方职位接口已不存在该岗位		j_bb69d9d48dbc
2026-09-12	https://job-boards.eu.greenhouse.io/remotepeople/jobs/4826189101	Client Support Specialist	Remote People	官方职位接口已不存在该岗位		j_bb965593b8f2
2026-09-12	https://job-boards.greenhouse.io/theeconomistgroup/jobs/4877827101	Customer Success Manager	The Economist Group	官方职位接口已不存在该岗位		j_bd544bb952ef
2026-09-12	https://job-boards.greenhouse.io/adjustjobs/jobs/4688267006	Account Executive	Adjust	官方职位接口已不存在该岗位		j_bf7c19e5474d
2026-09-12	https://jobs.ashbyhq.com/scape/2c87ea2a-2d1e-4bdd-a92c-bf76a092e98c	Senior Community Manager, APAC	Scape	官方公开职位列表已不存在该岗位		j_c14b0ad12856
2026-09-12	https://jobs.lever.co/pattern/6a8f5183-6fe8-48ef-97d5-d650ba3a4bda	Sales Engineer - Shanghai (E-commerce)	Pattern	官方职位接口已不存在该岗位		j_c2bbe70a7499
2026-09-12	https://job-boards.greenhouse.io/clickhouse/jobs/5809495004	Senior Technical Customer Support Engineer - Japan	ClickHouse	官方职位接口已不存在该岗位		j_c2ffb5369c83
2026-09-12	https://job-boards.greenhouse.io/hasbro/jobs/4295409009	Commercial Brand Manager	Hasbro	官方职位接口已不存在该岗位		j_c4591485ed2b
2026-09-12	https://job-boards.greenhouse.io/impact/jobs/8169226002	(Senior) Customer Success Manager	impact.com	官方职位接口已不存在该岗位		j_c7c8f83710ec
2026-09-12	https://job-boards.greenhouse.io/fictiv/jobs/8379913002	Logistics Coordinator	Fictiv	官方职位接口已不存在该岗位		j_c82865be4432
2026-09-12	https://jobs.workable.com/view/4WTkUF5ZTPDGJvNm4WY29F/remote-senior-manager%2C-product-designer---ux%2Fui-in-china-at-makro-pro	Senior Manager, Product Designer - UX/UI	CP Axtra	http error 410		j_c989b9715e1f
2026-09-12	https://jobs.workable.com/view/8Mf11nqVmENBZkJCoEHobV/hybrid-trade-marketing-manager%2C-hong-kong-%26-macau-in-hong-kong-at-charlotte-tilbury	Trade Marketing Manager, Hong Kong & Macau	Charlotte Tilbury	http error 410		j_cb1378c8e62d
2026-09-12	https://job-boards.greenhouse.io/monsterenergyapac/jobs/4219112009	Inventory Control Lead, APAC (China)	Monster Energy APAC	官方职位接口已不存在该岗位		j_cb6a043246d1
2026-09-12	https://jobs.lever.co/canarytechnologies/9339d87c-17c1-4ea0-99a2-aa62e570fcf0	Customer Success Manager	Canary Technologies Corp	官方职位接口已不存在该岗位		j_cc1564cca7a6
2026-09-12	https://jobs.lever.co/hypebeast/83caa071-0fd0-44f0-a645-aab1fca7a12f	Social Media Coordinator	Hypebeast	官方职位接口已不存在该岗位		j_cd244ef419a3
2026-09-12	https://job-boards.eu.greenhouse.io/remotepeople/jobs/4874363101	Junior Bank Reconciliation Analyst	Remote People	官方职位接口已不存在该岗位		j_cd967a359800
2026-09-12	https://job-boards.greenhouse.io/adjustjobs/jobs/4653921006	Associate Integration Engineer	Adjust	官方职位接口已不存在该岗位		j_cd976c45a631
2026-09-12	https://jobs.workable.com/view/gUxaJt3r3EdZHm8RaTxCVk/nonprofit-experience-%26-partnership-associate%2C-%28remote%2C-china%29-in-guangzhou-at-visit.org	Nonprofit Experience & Partnership Associate, (remote, China)	Visit.org	http error 410		j_cd97a048c9d7
2026-09-12	https://jobs.lever.co/Coda/475cac8d-6bd6-4443-9b23-0771b944a96a	Senior Account Manager	Coda	官方职位接口已不存在该岗位		j_d033381555ca
2026-09-12	https://jobs.lever.co/shopback-2/58157741-26fc-48c8-867a-8924d58f997e	Contract Sales Operations & Strategy Associate (6-Months)	ShopBack	官方职位接口已不存在该岗位		j_d18148b231dc
2026-09-12	https://jobs.workable.com/view/5NYZGtXMZCDnwk3ihP9bAX/crm-%26-membership-executive-(7-month-contract	CRM & Membership Executive (7-Month Contract)	Decathlon Hong Kong	http error 410		j_d398cb52aa3a
2026-09-12	https://jobs.ashbyhq.com/lilt-production/ec8abf19-b54f-4cd2-bb0f-9bec3c36bc18	Educational Technology AI Rater & Evaluator	LILT	页面未找到岗位标题		j_d3fba286d030
2026-09-12	https://jobs.lever.co/veeva/4a8835fe-d0ab-40c8-8164-db1527bd5905	Solution Architect - AI Solution	Veeva Systems	官方职位接口标题不匹配: Consultant - AI Agent Implementation		j_d4b279664fdd
2026-09-12	https://careers.airbnb.com/positions/7768472?gh_jid=7768472	Senior Software Engineer, Global Markets (Backend)	Airbnb	http error 404		j_d51d017edf1f
2026-09-12	https://www.evonik.com/en/careers/jobs/job.html?jobId=R49799	Customer Service Representative (Contractor)	Evonik / 公司官网	http error 404		j_d55ea58da22b
2026-09-12	https://jobs.workable.com/view/3DTqRCyXv2Mv62SKhHMKuu/hybrid-social-media-marketing-in-shenzhen-at-vivaia	Social Media Marketing	VIVAIA	http error 410		j_dccf87a56a45
2026-09-12	https://jobs.lever.co/collabora/a2a952df-0e8f-4df3-9d8e-395d59790a01	GPU Consultant Engineer (Remote/Anywhere)	Collabora Productivity	官方职位接口已不存在该岗位		j_dd7182a05cec
2026-09-12	https://jobs.workable.com/view/choMuu9mLfJgEfYuXRKMaj/remote-lifecycle-engagement-specialist-in-singapore-at-sleek	Lifecycle Engagement Specialist	Sleek	http error 410		j_ddcfaf1617f9
2026-09-12	https://jobs.workable.com/view/baMfTuvHavRdLemthYjrKh/hybrid-senior-sales-manager---mainland-china-in-shenzhen-at-sleek	Senior Sales Manager - Mainland China	Sleek	http error 410		j_df79380790d1
2026-09-12	https://job-boards.greenhouse.io/maravailifesciences/jobs/4699987005	Senior Technical Sales Manager, China	Maravai LifeSciences	官方职位接口已不存在该岗位		j_dfcced7cddc6
2026-09-12	https://job-boards.greenhouse.io/forter/jobs/8640372002	Account Manager	Forter	官方职位接口已不存在该岗位		j_dfd84a492589
2026-09-12	https://jobs.lever.co/neowiz/7251ab0f-9b89-4209-947d-37a89d2b390f	[NEOWIZ China] Senior Brand Manager	Neowiz	官方职位接口已不存在该岗位		j_e11972952278
2026-09-12	https://jobs.lever.co/weloglobal/12063f63-1121-4f74-872f-eefa3d70fa1f	Mandarin (China) Bilingual Audio Specialist	Welo Global / Welo Data	官方职位接口已不存在该岗位		j_e295e792241e
2026-09-12	https://job-boards.greenhouse.io/stanley1913-us/jobs/5135151008	Senior Manager, Merchandising & Commercial Strategy	Stanley 1913	官方职位接口已不存在该岗位		j_e44acdc91e5f
2026-09-12	https://jobs.lever.co/canarytechnologies/27022970-a510-420f-9216-73b77c1aa434	Sales Development Representative	Canary Technologies	官方职位接口已不存在该岗位		j_e5ac7a63bd72
2026-09-12	https://jobs.lever.co/weloglobal/06e1e2b9-c1aa-4feb-8f0e-ea3511909828	Simplified Chinese Marketing and Product Remote Linguist	Welo Global	官方职位接口已不存在该岗位		j_e5ba43abc177
2026-09-12	https://job-boards.greenhouse.io/cloudflare/jobs/8017959	Commercial Counsel, APAC	Cloudflare	官方职位接口已不存在该岗位		j_e5cf3f3f0b66
2026-09-12	https://jobs.ashbyhq.com/windranger/2ed9cb44-a11d-4f31-aa71-5998bd043990	Customer Service Representative - KYC & Compliance (Payments & Banking Focus)	Windranger Labs	官方公开职位列表已不存在该岗位		j_e653f826c235
2026-09-12	https://job-boards.greenhouse.io/adyen/jobs/7290047	Technical Support Engineer	Adyen	官方职位接口已不存在该岗位		j_e6a7608c4ece
2026-09-12	https://job-boards.greenhouse.io/applovin/jobs/4691620006	Analyst, Business Development	AppLovin	官方职位接口已不存在该岗位		j_e77f5c568858
2026-09-12	https://job-boards.greenhouse.io/guidepoint/jobs/8566062002	Equity Research Analyst, TMT	Guidepoint	官方职位接口已不存在该岗位		j_e9843979a7dd
2026-09-12	https://www.lego.com/en-us/careers/job/head-of-brand-marketing-activation-4fc7e75e39fa100163d6754c97ad0000	Head of Brand Marketing & Activation	The LEGO Group / LEGO Careers	http error 404		j_e9a187115b6a
2026-09-12	https://jobs.smartrecruiters.com/InformaGroupPlc/744000131620829	Senior Analyst, Consumer Electronics & IoT	Informa	官方职位接口已不存在该岗位		j_e9e5d68519de
2026-09-12	https://jobs.ashbyhq.com/bjakcareer/46590caa-435d-42b8-bcbe-6ee9315709d6	iOS Software Engineer	Bjak	页面未找到岗位标题		j_ec76f212b90c
2026-09-12	https://job-boards.greenhouse.io/clickhouse/jobs/5790458004	Field Marketing Manager - China	ClickHouse	官方职位接口已不存在该岗位		j_ec842665abec
2026-09-12	https://jobs.lever.co/weloglobal/257fc484-36fc-437f-aa80-016fd4cfc00d	Chinese Simplified Accessibility Tester	Welo Global	官方职位接口已不存在该岗位		j_ec994d067f41
2026-09-12	https://job-boards.greenhouse.io/cloudflare/jobs/7855832?gh_jid=7855832	People Operations Intern (July to December 2026)	Cloudflare	官方职位接口已不存在该岗位		j_ecdeb49f54bf
2026-09-12	https://jobs.lever.co/weloglobal/92d62fec-66e7-4d55-985b-391ba395d628	English into Dutch Patent Translator-Remote	Welo Global	官方职位接口已不存在该岗位		j_ed267e602ec3
2026-09-12	https://jobs.ashbyhq.com/Socket/c5a98f1a-8c17-43de-afb7-1cfb1c34cc1e	Technical Support Engineer, APAC	Socket	页面未找到岗位标题		j_ed511594c591
2026-09-12	https://jobs.lever.co/weloglobal/1678576c-832f-49cd-82f6-879204b7f155	English into Korean Medical Translators/Regulatory adaptation (Remote)	Welo Global	官方职位接口已不存在该岗位		j_ed6a97952f90
2026-09-12	https://jobs.workable.com/view/1DXG5nTzWdiqikFhU2Ubdg/brand-manager%2F-assistant-brand-manager-in-hong-kong-at-vita-green-health-product-company-limited	Brand Manager/ Assistant Brand Manager	Vita Green Health Product Company Limited	http error 410		j_ee272d885dad
2026-09-12	https://jobs.workable.com/view/dZG8QBsaYaL1wsLsQfqnKc/marketing-executive-%7C-brand-marketing-%7C-beauty-%26-personal-care-in-tsim-sha-tsui-at-vita-green-health-product-company-limited	Marketing Executive | Brand Marketing | Beauty & Personal Care	Vita Green Health Product Company Limited	http error 410		j_eed0dbcba2ce
2026-09-12	https://job-boards.greenhouse.io/figma/jobs/5756184004	Distribution Partner Manager (Singapore)	Figma	官方职位接口已不存在该岗位		j_efbbeda14339
2026-09-12	https://jobs.ashbyhq.com/bicara-therapeutics/8b79dd39-5243-4168-9202-ca9fa10d8719	Clinical Trial Associate (APAC)	Bicara Therapeutics	官方公开职位列表已不存在该岗位		j_f0896b3b9bb9
2026-09-12	https://jobs.ashbyhq.com/supabase/51c3a3a9-7539-47f3-82e7-b95958342e2c	Customer Solution Architect (APAC)	Supabase	页面未找到岗位标题		j_f25c541af0f1
2026-09-12	https://jobs.ashbyhq.com/tapcart/a1f345a5-8b0b-4a3a-b8f8-916108e19444	Technical Support Representative - APAC	Tapcart Inc.	官方公开职位列表已不存在该岗位		j_f42b934b7fa1
2026-09-12	https://jobs.workable.com/view/7L1eYy4BYeSsgX6QNVRnw4/remote-creative-lead-%26-strategist-(head-of-brand-%26-creative	Creative Lead & Strategist (Head of Brand & Creative)	Avomind	http error 410		j_f44e95f5311e
2026-09-12	https://jobs.workable.com/view/cGnkQrk2sK3nCaPB7zuyA7/hybrid-assistant-logistic-manager-apac-in-causeway-bay-at-charlotte-tilbury	Assistant Logistic Manager APAC	Charlotte Tilbury	http error 410		j_f4a5c0d90389
2026-09-12	https://jobs.lever.co/hypebeast/1b8f7b20-7780-4287-95ff-72673ff1c023	Creative Media Associate Director (Art-based)	Hypebeast	官方职位接口已不存在该岗位		j_f4a9215aa556
2026-09-12	https://jobs.lever.co/ajax/f833d99f-9ad6-47e5-be04-a1cb8fb0b12b	HR Specialist (China)	Ajax Systems	官方职位接口已不存在该岗位		j_f53489fe1d6b
2026-09-12	https://job-boards.greenhouse.io/zscaler/jobs/5115635007	Account Executive - Enterprise	Zscaler	官方职位接口已不存在该岗位		j_f60bd990b58a
2026-09-12	https://job-boards.greenhouse.io/guidepoint/jobs/8575505002	Operations Specialist	Guidepoint	官方职位接口已不存在该岗位		j_f6db53a3748b
2026-09-12	https://jobs.lever.co/neowiz/8513459e-6434-453a-9855-97b447039118	Content & Community Marketing Manager (China)	NEOWIZ	官方职位接口已不存在该岗位		j_f84fb2dc2e77
2026-09-12	https://jobs.lever.co/clovirtualfashion/dd9528b2-5865-41f3-a354-83c442f4d086	业务拓展专员, BD Associate	CLO Virtual Fashion	官方职位接口已不存在该岗位		j_f9527cafca98
2026-09-12	https://job-boards.greenhouse.io/thenewyorktimes/jobs/4710677005	Operations Manager	The New York Times	官方职位接口已不存在该岗位		j_fb432102fd26
2026-09-12	https://jobs.lever.co/minted/f9e8ec49-2f40-4af2-89d6-326a00ef919e	Senior Manager, Overseas Sourcing	Minted	官方职位接口已不存在该岗位		j_fe4d10dab2a0
2026-09-12	https://jobs.workable.com/view/tRLiMfhkcTaSgCJQ1HRHCd/remote-(fluent-english)-account-manager-(global)-in-shanghai-at-supportyourapp	(fluent English) Account Manager (Global)	SupportYourApp	http error 410		j_1b6e0648983e
2026-09-12	https://jobs.workable.com/view/2kavhJ5bJoCqAwvNXP4o7F/remote-service-manager-%28china%29-in-china-at-ratehawk	Service Manager (China)	RateHawk	http error 410		j_2018bae26397
2026-09-12	https://job-boards.greenhouse.io/adjustjobs/jobs/4653858006	(Associate) Customer Success Manager	Adjust	官方职位接口已不存在该岗位		j_3693db771df5
2026-09-12	https://jobs.workable.com/view/eCAfmectvqZS1XrGik5gkB/remote-senior-business-development-manager-china-in-shenzhen-at-ratehawk	Senior Business Development Manager China	RateHawk	http error 410		j_407cf37044d3
2026-09-12	https://job-boards.greenhouse.io/remotecom/jobs/7775939003	Lifecycle Specialist, Employee Relations and Transitions - APAC	Remote	官方职位接口已不存在该岗位		j_60c4a09f8169
2026-09-12	https://job-boards.greenhouse.io/10xgenomics/jobs/7597471?gh_jid=7597471	Channel Sales Account Executive	10x Genomics	官方职位接口已不存在该岗位		j_8cb60419bc03
2026-09-12	https://job-boards.eu.greenhouse.io/remotepeople/jobs/4801950101	QA Engineer (China)	Remote People	官方职位接口已不存在该岗位		j_c5db4bdec182
2026-09-12	https://job-boards.greenhouse.io/remotecom/jobs/7704780003	Onboarding Operations Specialist - APAC	Remote	官方职位接口已不存在该岗位		j_f7c2eecb0df5
